,audio_url,score4
4051,https://extractedaudio.s3.eu-west-2.amazonaws.com/5/C_show_5CnDmMUG0S5bSSw612fs8C_3lfdq799PvP7K97wFNBxGA_2656.8.mp3,3
4052,https://extractedaudio.s3.eu-west-2.amazonaws.com/5/5_show_55GP6pfA0RlmtEgNH70d5K_0QTS7jb6Tk32x7A6xL45br_3258.4.mp3,1
4053,https://extractedaudio.s3.eu-west-2.amazonaws.com/5/B_show_5Bo6qw8Vd901nbZeAhJn0D_1CJEbafINw4z0OvILeDamr_1124.1.mp3,3
4054,https://extractedaudio.s3.eu-west-2.amazonaws.com/5/6_show_56CjYLQWyMx1MkOEQmlubi_0DzUE1CqZ4YsZJhr5MJcFL_719.4.mp3,4
4055,https://extractedaudio.s3.eu-west-2.amazonaws.com/5/F_show_5fgBM7upQCA2x0Lz3tWcet_2xBsTv7IxPmcSJ63lTkZeX_2863.1.mp3,3.5
4056,https://extractedaudio.s3.eu-west-2.amazonaws.com/5/6_show_56CjYLQWyMx1MkOEQmlubi_6GJEjYAnljJajnCsGl84PF_1154.9.mp3,4
4057,https://extractedaudio.s3.eu-west-2.amazonaws.com/5/F_show_5FriRGS4FS6ConUTsb2a0G_00z7lmhm7cPaV4IrjnWvgQ_537.7.mp3,4.5
4058,https://extractedaudio.s3.eu-west-2.amazonaws.com/5/6_show_56CjYLQWyMx1MkOEQmlubi_2CrTwBMHE9UB3o9D8mxJr3_1049.0.mp3,4.5
4059,https://extractedaudio.s3.eu-west-2.amazonaws.com/5/1_show_51Fiv0KqhS8iT7KzmoID0l_25Ii2yPNQGH8BqJG2wqZQf_1105.9.mp3,4.5
4060,https://extractedaudio.s3.eu-west-2.amazonaws.com/5/E_show_5E2C3RL2mfZK2PdCBO9F5I_4W90bAZbxbL2OnWAcmdNnv_1607.9.mp3,4.5
4061,https://extractedaudio.s3.eu-west-2.amazonaws.com/5/6_show_56CjYLQWyMx1MkOEQmlubi_1tF4zhqjHlgZBOjTNm8YdS_446.4.mp3,3.5
4062,https://extractedaudio.s3.eu-west-2.amazonaws.com/5/6_show_56CjYLQWyMx1MkOEQmlubi_3OiCdT10nKD3ow3hLKL6xw_588.9.mp3,4
4063,https://extractedaudio.s3.eu-west-2.amazonaws.com/5/R_show_5r2wxFxeI03AGxbIOK0r0a_58bA3B44umqATyJjGma0xn_820.7.mp3,3
4064,https://extractedaudio.s3.eu-west-2.amazonaws.com/5/6_show_56CjYLQWyMx1MkOEQmlubi_0Kzo2Wc10rrKkVQH2nWVR3_604.7.mp3,1.5
4065,https://extractedaudio.s3.eu-west-2.amazonaws.com/3/H_show_3hLGqvvhjkz5WwqlP5nE2Y_6n0X7sfGi3RWAl9JUKTqKA_129.8.mp3,1
4066,https://extractedaudio.s3.eu-west-2.amazonaws.com/3/H_show_3hLGqvvhjkz5WwqlP5nE2Y_52yu5gzwbVN8MQtQG00Op1_43.6.mp3,2
4067,https://extractedaudio.s3.eu-west-2.amazonaws.com/3/I_show_3IjEUbHixMRCrA3XzPznOU_6LzvXnD0mnTLOgulsKqLjt_70.1.mp3,4
4068,https://extractedaudio.s3.eu-west-2.amazonaws.com/3/Q_show_3QSX8bxGWdEyTowkIOIFCB_4fGgA2e3XOPfrXugKZoXGZ_611.8.mp3,3.5
4069,https://extractedaudio.s3.eu-west-2.amazonaws.com/3/G_show_3giLf3qD6EUTMGZbgUf4S2_7zrUv61Nx9yAU0Wvh0axoh_3067.2.mp3,1.5
4070,https://extractedaudio.s3.eu-west-2.amazonaws.com/3/Q_show_3QSX8bxGWdEyTowkIOIFCB_4fGgA2e3XOPfrXugKZoXGZ_639.5.mp3,4
4071,https://extractedaudio.s3.eu-west-2.amazonaws.com/3/7_show_376Nowawtr3JgQUqYCP6HF_27xn6PSYQqX0KesBKpsVhN_969.9.mp3,4.5
4072,https://extractedaudio.s3.eu-west-2.amazonaws.com/3/F_show_3fKrci8DtWMYMRDaKzYNw5_4U6PQ4olCFYYL4ykpJlM6d_1180.8.mp3,3.5
4073,https://extractedaudio.s3.eu-west-2.amazonaws.com/4/Q_show_4qPnBYJhKgvlIlCWD7A8Lb_0G9PQcxvOsfG94yXlveDS2_2950.2.mp3,3.5
4074,https://extractedaudio.s3.eu-west-2.amazonaws.com/4/V_show_4v5vy3S6YyhkFfPX79nIBp_4G7CHvkAdJi16hVmLAKC2r_1675.8.mp3,2.5
4075,https://extractedaudio.s3.eu-west-2.amazonaws.com/4/R_show_4r157jjrIV0bzS6UxhN07i_5mpa0JBmZ4wibvJEiP4aUt_276.0.mp3,5
4076,https://extractedaudio.s3.eu-west-2.amazonaws.com/4/1_show_41ds4pOAqbxhGSA0g7uwgZ_6revwH24ksvPeya3ohHBlf_3658.5.mp3,4.5
4077,https://extractedaudio.s3.eu-west-2.amazonaws.com/4/3_show_43mTFxSHXF7Xtvjx4TF0Dc_40nPDbyTHqdTajePfa5Bfq_529.1.mp3,3
4078,https://extractedaudio.s3.eu-west-2.amazonaws.com/4/K_show_4KYmu7xnA4CeZB8IRqlYGf_1g773II4PSShQaou1jXM8B_457.5.mp3,4.5
4079,https://extractedaudio.s3.eu-west-2.amazonaws.com/4/N_show_4NNO0yIIxzSsZTXR0XnaP7_1UNu0yOKCZVzZBdFw4chE7_968.4.mp3,4.5
4080,https://extractedaudio.s3.eu-west-2.amazonaws.com/4/8_show_484IbiXkUFchBApqfeW35u_4MkE7mIx1OEVTIgs9Fqgyu_833.6.mp3,4.5
4081,https://extractedaudio.s3.eu-west-2.amazonaws.com/3/0_show_30wJEsZNj1gquJyDftm2Kl_0yVNHDspRUCttLdORHqD9I_1425.8.mp3,2
4082,https://extractedaudio.s3.eu-west-2.amazonaws.com/3/W_show_3WiXth3YP3vxoAKeubd4sv_3dkDXLo4xBl00puHZbgXDO_1011.3.mp3,2.5
4083,https://extractedaudio.s3.eu-west-2.amazonaws.com/3/X_show_3X3ZZBDZAvFL1SRnPc1eZ0_1rNBao1mKBp0fVPk2wkoUe_1586.2.mp3,4
4084,https://extractedaudio.s3.eu-west-2.amazonaws.com/3/I_show_3ikFhEuSYkNYS27Rp7aZo0_0a6kJSfzDVhBkcyVUiJeKX_449.3.mp3,3.5
4085,https://extractedaudio.s3.eu-west-2.amazonaws.com/3/E_show_3eKZGITnT3DtQ2FAcfHoYm_1M26mLAA26zUBrN7SKN5au_2224.0.mp3,2.5
4086,https://extractedaudio.s3.eu-west-2.amazonaws.com/3/Q_show_3qQPP9axjPfEL2gRv3aV6b_54mPtls1d1Rd1kOwh2dfrf_1572.7.mp3,2
4087,https://extractedaudio.s3.eu-west-2.amazonaws.com/3/B_show_3bSuYXVQXS7bWp9xv1U8tM_6HjzF9Y8UZ016lOkgIxpX2_2759.5.mp3,2
4088,https://extractedaudio.s3.eu-west-2.amazonaws.com/3/K_show_3Ksf9qoUZTsAhO6LiE7DCm_2s9vJdqtWQ1428UqlZKHYl_2457.1.mp3,3
4089,https://extractedaudio.s3.eu-west-2.amazonaws.com/3/X_show_3X3ZZBDZAvFL1SRnPc1eZ0_1rNBao1mKBp0fVPk2wkoUe_3129.1.mp3,0.5
4090,https://extractedaudio.s3.eu-west-2.amazonaws.com/2/G_show_2G4ORJbDmf1vgjvHgUPpa7_6FXZlKRZr5n3ODfVT8o2tv_165.3.mp3,4.5
4091,https://extractedaudio.s3.eu-west-2.amazonaws.com/2/Q_show_2qrukKr6EMxUJJLSLNADS0_11z11tL5TYZ6s9IehmVjPO_3400.9.mp3,2.5
4092,https://extractedaudio.s3.eu-west-2.amazonaws.com/2/G_show_2gfE7zxYA4hz8Dkm2RUtgm_5TgGCRG8W63gAIFtiQoE2N_1587.5.mp3,2.5
4093,https://extractedaudio.s3.eu-west-2.amazonaws.com/2/W_show_2wJpmySw3FtVe5uvT2kaAR_1y89PEhny8yqDIYXTYof2X_1150.9.mp3,3
4094,https://extractedaudio.s3.eu-west-2.amazonaws.com/2/5_show_25VLneFYsTATjxMezVpWSC_16PJYTeCS4RR2ZgGYdxB01_1500.3.mp3,1
4095,https://extractedaudio.s3.eu-west-2.amazonaws.com/2/G_show_2gfE7zxYA4hz8Dkm2RUtgm_0BtBVfHvVNzMtj5jqnyBqa_1654.5.mp3,2
4096,https://extractedaudio.s3.eu-west-2.amazonaws.com/2/J_show_2JrTqfIIdIA83H7o3aRz2d_1dCvMBsI1lDV5hBatXaFe6_2058.8.mp3,3
4097,https://extractedaudio.s3.eu-west-2.amazonaws.com/2/V_show_2Vh5jVI1EdMDeHs3N8XoME_28Teud31e8EJ3CvH0xaDCJ_1576.1.mp3,2.5
4098,https://extractedaudio.s3.eu-west-2.amazonaws.com/6/S_show_6SZVsPIxPfVs6aavqM1peY_7AmB2Q77JSBc1HrNUcZBjX_1936.7.mp3,2.5
4099,https://extractedaudio.s3.eu-west-2.amazonaws.com/6/L_show_6LCBJGw0EHG03rdWHxUMce_4lD7K1YqKSxo62oQYuWRE7_213.2.mp3,4
4100,https://extractedaudio.s3.eu-west-2.amazonaws.com/6/H_show_6hpT79G1WNUQ1h9aOyYBh7_3Z1GtMfQmTryiCiT8lh7NB_4036.8.mp3,4.5
4101,https://extractedaudio.s3.eu-west-2.amazonaws.com/6/S_show_6sEjDMUDSnljImH2CRKcAW_3bNpUQyNcTapcNhZVogzyg_68.5.mp3,4.5
4102,https://extractedaudio.s3.eu-west-2.amazonaws.com/6/O_show_6OICDB5uwH8jDhdQHjCUw8_1GW2cVRk7QCDpRoh2UOfsk_223.9.mp3,4.5
4103,https://extractedaudio.s3.eu-west-2.amazonaws.com/6/B_show_6B9RTUSSULTd0Fk5ANJaIY_60Oa91qowY14I1IcNdTAVS_125.2.mp3,3
4104,https://extractedaudio.s3.eu-west-2.amazonaws.com/1/H_show_1HKgU6WUDMZTnFChe8KT0Q_1ZeT3NecmFOYRRxEEZXcr5_1257.5.mp3,4
4105,https://extractedaudio.s3.eu-west-2.amazonaws.com/1/A_show_1az90Zo0H3kgPEju5MuzWK_1jsItEWiSnH8H8Ad624cb5_738.6.mp3,4
4106,https://extractedaudio.s3.eu-west-2.amazonaws.com/1/Q_show_1QpV2ktPg1h84mjlxyU5OL_3AduXl2FMo7LjcDtY8Oygv_1368.6.mp3,4
4107,https://extractedaudio.s3.eu-west-2.amazonaws.com/1/J_show_1je6sEPOdtRHbuSz81aIdC_6jaeESB1ClDDoHhk6GtJj7_2397.7.mp3,3.5
4108,https://extractedaudio.s3.eu-west-2.amazonaws.com/1/J_show_1jFYnTSP29jx6mzWvysW3Q_1XMmYY9MwFrp2LKlIdBrgi_1746.6.mp3,3.5
4109,https://extractedaudio.s3.eu-west-2.amazonaws.com/1/1_show_11YLDayMBnXlQfTT6wTsny_3ib0AhRmJv8borLpDFa34L_266.5.mp3,3
4110,https://extractedaudio.s3.eu-west-2.amazonaws.com/1/A_show_1az90Zo0H3kgPEju5MuzWK_405sK9qb97RWQe0B3yWKsv_1582.5.mp3,2.5
4111,https://extractedaudio.s3.eu-west-2.amazonaws.com/2/I_show_2i4kaXGB4B1S24DhhdPrw7_4xObkcDVhQRS3lJfYc5HSY_51.9.mp3,4
4112,https://extractedaudio.s3.eu-west-2.amazonaws.com/2/F_show_2FG5x4nSno55Ta1C2pOc9Z_654F077sEYFhCNlBmbxRat_680.2.mp3,4
4113,https://extractedaudio.s3.eu-west-2.amazonaws.com/2/6_show_26btXibgh2cxTo10ey12vj_4NlYzcRhVoSpoFRuqdoyd4_1378.0.mp3,2
4114,https://extractedaudio.s3.eu-west-2.amazonaws.com/2/S_show_2sUaJcqYFwYru0IUUVYpdw_1n1yXvhJ1jau7xgKqeXyoI_228.5.mp3,3
4115,https://extractedaudio.s3.eu-west-2.amazonaws.com/2/5_show_25Ot3RhZKTKzwvaBhT9FG2_79sCmLG7h7FRB4RVB5mIef_499.3.mp3,4
4116,https://extractedaudio.s3.eu-west-2.amazonaws.com/2/H_show_2HpPCx3m9q1G7Mxz8iWgPf_6L3TS0JoR8kihGSD25n6x0_1100.2.mp3,2.5
4117,https://extractedaudio.s3.eu-west-2.amazonaws.com/0/3_show_03XB8xpBd7yfor3HRFTnkC_6yA2rryiYE7rOkR26rNIAd_195.6.mp3,3
4118,https://extractedaudio.s3.eu-west-2.amazonaws.com/0/Q_show_0QWClW37Xvw2dR0P5bc9KE_79aBYBnKaXbetyvFB3g6IJ_185.0.mp3,4
4119,https://extractedaudio.s3.eu-west-2.amazonaws.com/0/1_show_01wLvMCDLjHrR92bz1R0hB_1j7QsFSjoMimLe5UBb4W3p_410.8.mp3,3
4120,https://extractedaudio.s3.eu-west-2.amazonaws.com/0/J_show_0J5Ln40dpLq5MRiU7yO5JP_2fwStQ1G8UjRe2p9AN2CGP_338.1.mp3,4
4121,https://extractedaudio.s3.eu-west-2.amazonaws.com/0/M_show_0M6jfmNPPAlqNtOkYZFyPt_5OKAPBUV4tJRxytQf8rMom_1621.7.mp3,3
4122,https://extractedaudio.s3.eu-west-2.amazonaws.com/0/M_show_0MrXdNa1jz0w1o7jj89CFR_7MhEHTudf2a5eX2G8Sy57h_1828.4.mp3,4
4123,https://extractedaudio.s3.eu-west-2.amazonaws.com/0/M_show_0M6jfmNPPAlqNtOkYZFyPt_5OKAPBUV4tJRxytQf8rMom_2628.6.mp3,4
4124,https://extractedaudio.s3.eu-west-2.amazonaws.com/0/K_show_0KFhETVVVR2FyPZG0Rpd6m_3yj3nT6vSn7IT1uZqnkDGw_720.2.mp3,4
4125,https://extractedaudio.s3.eu-west-2.amazonaws.com/0/M_show_0MrXdNa1jz0w1o7jj89CFR_7MhEHTudf2a5eX2G8Sy57h_314.2.mp3,4.5
4126,https://extractedaudio.s3.eu-west-2.amazonaws.com/0/L_show_0L04op9D76TOfmzm7yOf9T_67jBXi27gfZtDNuLHOuegx_814.0.mp3,3.5
4127,https://extractedaudio.s3.eu-west-2.amazonaws.com/0/I_show_0iX09iRkw0IUFlhvQQykcS_6n3V5M0V9qff6864QaKTQq_1222.7.mp3,3.5
4128,https://extractedaudio.s3.eu-west-2.amazonaws.com/0/L_show_0L0j6X6cf3DO1Bs0D0K4Ch_3NoNKnIvzaTjtbuHWSa3Gb_596.9.mp3,2
4129,https://extractedaudio.s3.eu-west-2.amazonaws.com/0/M_show_0M6jfmNPPAlqNtOkYZFyPt_5OKAPBUV4tJRxytQf8rMom_3492.6.mp3,2
4130,https://extractedaudio.s3.eu-west-2.amazonaws.com/0/H_show_0h4iELZhWMcF2TJJRd2QIs_75biJHWMw9PNf1dy4UWhv7_977.1.mp3,1
4131,https://extractedaudio.s3.eu-west-2.amazonaws.com/0/R_show_0ryb76VEJNI9l8T584q2ff_2xXDczPc6CLvDyUOUV7uMO_1954.0.mp3,2
4132,https://extractedaudio.s3.eu-west-2.amazonaws.com/0/K_show_0KpRrAGb5jh7yoSlxHcRKh_2VLRS4AqQvrXyv7fjBHbTP_286.5.mp3,4
4133,https://extractedaudio.s3.eu-west-2.amazonaws.com/3/9_show_39vIvFZPyvm110YdBryVua_4xASNHVqO8aog7spG2DM36_10.1.mp3,4.5
4134,https://extractedaudio.s3.eu-west-2.amazonaws.com/3/B_show_3bSuYXVQXS7bWp9xv1U8tM_62vDmDewO3ASEg4mgbqDEU_1276.5.mp3,3
4135,https://extractedaudio.s3.eu-west-2.amazonaws.com/3/C_show_3cIh6ejnk3lUUVhqSKzPUS_4oaW5253QVbE7LHqfpHK4Z_1415.5.mp3,3.5
4136,https://extractedaudio.s3.eu-west-2.amazonaws.com/3/C_show_3cIh6ejnk3lUUVhqSKzPUS_4oaW5253QVbE7LHqfpHK4Z_711.7.mp3,2
4137,https://extractedaudio.s3.eu-west-2.amazonaws.com/3/T_show_3T2BOxCQFVAq2Q5FMIM3v4_5r2YcUDJ6JEDoFiSz2Yzgk_3529.6.mp3,4
4138,https://extractedaudio.s3.eu-west-2.amazonaws.com/3/N_show_3n1kp6H1Mg9jYgWrxvRvB5_7zPUCmOQmYOQhcDFAKgI4m_1774.7.mp3,2.5
4139,https://extractedaudio.s3.eu-west-2.amazonaws.com/3/T_show_3t2vN7Mx9d8ySSfTzHhHpR_1CfJHfT3i5fdQ8HRcmLV0u_2069.1.mp3,2
4140,https://extractedaudio.s3.eu-west-2.amazonaws.com/3/I_show_3iaJh9gelkwoPvRReyzOLQ_5kT7XnFdEVPBc1ECuyWenl_1433.6.mp3,2.5
4141,https://extractedaudio.s3.eu-west-2.amazonaws.com/3/V_show_3vLH2J9JengFSCJxh4lD6e_0i2qGagVvoTQL8fYjXQqbh_3102.5.mp3,3
4142,https://extractedaudio.s3.eu-west-2.amazonaws.com/3/A_show_3AxeWHyeLI4F6ovYjfW7HT_4e17srjIp5FO2zQKfLQPke_1853.1.mp3,3
4143,https://extractedaudio.s3.eu-west-2.amazonaws.com/5/E_show_5E2C3RL2mfZK2PdCBO9F5I_4W90bAZbxbL2OnWAcmdNnv_1301.3.mp3,2
4144,https://extractedaudio.s3.eu-west-2.amazonaws.com/5/5_show_55GP6pfA0RlmtEgNH70d5K_0kJCf9Hm2mllvhFmranEJ5_2195.0.mp3,4
4145,https://extractedaudio.s3.eu-west-2.amazonaws.com/5/C_show_5cj7bhNWmb8DIp8PbBXES4_1k79UH7AdG7Hn5hkIW0Rrq_1635.1.mp3,3.5
4146,https://extractedaudio.s3.eu-west-2.amazonaws.com/5/6_show_56CjYLQWyMx1MkOEQmlubi_6JKdwM9yA6PrtEpBQ6azHm_464.3.mp3,4
4147,https://extractedaudio.s3.eu-west-2.amazonaws.com/5/B_show_5Bo6qw8Vd901nbZeAhJn0D_1CJEbafINw4z0OvILeDamr_603.5.mp3,3
4148,https://extractedaudio.s3.eu-west-2.amazonaws.com/5/W_show_5wUS71EaWojLSGqfMOgkOQ_6EXtv6A1BNHnQzTR1pMoLF_1316.5.mp3,3.5
4149,https://extractedaudio.s3.eu-west-2.amazonaws.com/5/3_show_53XeIWnNQRvrCQDJPjg1wJ_1Yz5hBbnM6tCFKmRFzVaXW_1266.2.mp3,4
4150,https://extractedaudio.s3.eu-west-2.amazonaws.com/5/D_show_5dWLlNlMyn93XuNe40X0Dz_4LrK3P0FPQmvG1zOVfeqMV_510.6.mp3,4
4151,https://extractedaudio.s3.eu-west-2.amazonaws.com/5/6_show_56CjYLQWyMx1MkOEQmlubi_1AR1O07THOk6SOQeOF5urS_1555.5.mp3,4
4152,https://extractedaudio.s3.eu-west-2.amazonaws.com/5/C_show_5CfCWKI5pZ28U0uOzXkDHe_3i5Ttnw2p90Q8kMbXZ2wXL_2121.7.mp3,1
4153,https://extractedaudio.s3.eu-west-2.amazonaws.com/5/6_show_56CjYLQWyMx1MkOEQmlubi_307nFqrHz4l5GNEqy4QtyB_477.3.mp3,3
4154,https://extractedaudio.s3.eu-west-2.amazonaws.com/5/V_show_5VXZc4dJTRJ8mptjszVzJp_5NLOiZZ6UZQn0wflMPj3ZK_2324.3.mp3,1
4155,https://extractedaudio.s3.eu-west-2.amazonaws.com/5/C_show_5cj7bhNWmb8DIp8PbBXES4_1k79UH7AdG7Hn5hkIW0Rrq_1852.4.mp3,2.5
4156,https://extractedaudio.s3.eu-west-2.amazonaws.com/5/G_show_5gQFmea6FGUVeNpI37mYRv_4WUzaNDnSH35oQO172HkOC_1460.6.mp3,2
4157,https://extractedaudio.s3.eu-west-2.amazonaws.com/0/L_show_0L0j6X6cf3DO1Bs0D0K4Ch_3NoNKnIvzaTjtbuHWSa3Gb_394.7.mp3,3
4158,https://extractedaudio.s3.eu-west-2.amazonaws.com/0/V_show_0Vd8E5vWnCfB4xucu87WNZ_1uBkATVDs9qWZ1zthua5Nb_843.9.mp3,2
4159,https://extractedaudio.s3.eu-west-2.amazonaws.com/0/J_show_0J5Ln40dpLq5MRiU7yO5JP_2fwStQ1G8UjRe2p9AN2CGP_632.7.mp3,2
4160,https://extractedaudio.s3.eu-west-2.amazonaws.com/0/V_show_0Vd8E5vWnCfB4xucu87WNZ_25UKqAx1kVTgDyodz1p5I6_4316.3.mp3,3
4161,https://extractedaudio.s3.eu-west-2.amazonaws.com/0/I_show_0iX09iRkw0IUFlhvQQykcS_6n3V5M0V9qff6864QaKTQq_103.1.mp3,3
4162,https://extractedaudio.s3.eu-west-2.amazonaws.com/0/V_show_0Vd8E5vWnCfB4xucu87WNZ_25UKqAx1kVTgDyodz1p5I6_401.4.mp3,2
4163,https://extractedaudio.s3.eu-west-2.amazonaws.com/0/5_show_05QoSdjCCWgxKY2FBlPjBs_2fS9rVjnaBAGruyM5bDM2N_738.0.mp3,3
4164,https://extractedaudio.s3.eu-west-2.amazonaws.com/0/5_show_05QUsdVlicccOQmC9Y4tO4_5jQWOqkmFbQfc2u9ZzQUfz_916.4.mp3,3
4165,https://extractedaudio.s3.eu-west-2.amazonaws.com/0/R_show_0ryb76VEJNI9l8T584q2ff_2xXDczPc6CLvDyUOUV7uMO_1815.7.mp3,2
4166,https://extractedaudio.s3.eu-west-2.amazonaws.com/0/F_show_0FUqB3Ggx2zjJCZ3BcNViz_1EE8Z6zydfKiHOUTFQgwvv_317.8.mp3,3.5
4167,https://extractedaudio.s3.eu-west-2.amazonaws.com/0/V_show_0Vd8E5vWnCfB4xucu87WNZ_1uBkATVDs9qWZ1zthua5Nb_4584.1.mp3,1.5
4168,https://extractedaudio.s3.eu-west-2.amazonaws.com/0/F_show_0f6hCFyGaMKJxlz9onQKvb_1xGW8Y0P40Mm31Iw5T9b8F_2276.9.mp3,2
4169,https://extractedaudio.s3.eu-west-2.amazonaws.com/0/R_show_0ryb76VEJNI9l8T584q2ff_2QjwpbLMsBD9wtYULfuX8H_1049.1.mp3,2
4170,https://extractedaudio.s3.eu-west-2.amazonaws.com/0/L_show_0L0j6X6cf3DO1Bs0D0K4Ch_6YC81P1eGwR0lHi9XP7JiM_208.2.mp3,2
4171,https://extractedaudio.s3.eu-west-2.amazonaws.com/0/B_show_0BHrT8beUzcFKkU4PUs0P0_6izW59CXnzdywNYjhGi83p_3049.0.mp3,3
4172,https://extractedaudio.s3.eu-west-2.amazonaws.com/0/R_show_0ryb76VEJNI9l8T584q2ff_2QjwpbLMsBD9wtYULfuX8H_257.0.mp3,3.5
4173,https://extractedaudio.s3.eu-west-2.amazonaws.com/0/V_show_0Vd8E5vWnCfB4xucu87WNZ_1uBkATVDs9qWZ1zthua5Nb_3565.1.mp3,3.5
4174,https://extractedaudio.s3.eu-west-2.amazonaws.com/4/4_show_44pI1bcAKbrA2fLZpwJF4X_38Bvag2GtKLPdaZDnqBGQd_1712.0.mp3,2
4175,https://extractedaudio.s3.eu-west-2.amazonaws.com/4/Q_show_4QQpY9w3aFcgieOCrlcT31_462ppnBtVAdo3U1xovrr6R_1109.2.mp3,2
4176,https://extractedaudio.s3.eu-west-2.amazonaws.com/4/C_show_4cgPu8JGLXSm2PWUQ9CaZd_71GVumsP7PtWCfnZblDWKo_654.9.mp3,4
4177,https://extractedaudio.s3.eu-west-2.amazonaws.com/4/3_show_43mTFxSHXF7Xtvjx4TF0Dc_40nPDbyTHqdTajePfa5Bfq_2436.6.mp3,2
4178,https://extractedaudio.s3.eu-west-2.amazonaws.com/4/C_show_4c2xR0T7dgjpAM5xMd4veL_0tz20mAMh9FScHjaSOUpr6_2065.5.mp3,2.5
4179,https://extractedaudio.s3.eu-west-2.amazonaws.com/4/4_show_44pI1bcAKbrA2fLZpwJF4X_3Ps6nA6TBYtIZOWidQlHS4_1902.9.mp3,3.5
4180,https://extractedaudio.s3.eu-west-2.amazonaws.com/1/8_show_18BwQFE9t9oKG6NhAWIOkU_5QxfLiJISH9CRZ1Fpn2NJp_577.8.mp3,4
4181,https://extractedaudio.s3.eu-west-2.amazonaws.com/1/H_show_1HKgU6WUDMZTnFChe8KT0Q_1ZeT3NecmFOYRRxEEZXcr5_1179.4.mp3,4
4182,https://extractedaudio.s3.eu-west-2.amazonaws.com/1/L_show_1lg3oq7VsJtaUdUjU1a0fF_7DGb3dTcW6mG7PQHc6KDCG_1181.3.mp3,3.5
4183,https://extractedaudio.s3.eu-west-2.amazonaws.com/1/S_show_1Sw6MZtNhnsEDYvrJLMgxK_5BMz5r938XLSSz7FEsTagL_2018.5.mp3,2.5
4184,https://extractedaudio.s3.eu-west-2.amazonaws.com/1/D_show_1DNVq7jHDb2OmTgsGvXdlp_6OWparkRu6AKJEQtObZIY6_2488.1.mp3,2.5
4185,https://extractedaudio.s3.eu-west-2.amazonaws.com/1/E_show_1eFmReBvBxxbjtU6UKMlvt_0WR29lgZYnwJ6jZ0pN7Tzg_375.7.mp3,4
4186,https://extractedaudio.s3.eu-west-2.amazonaws.com/6/U_show_6uRYvpYOClIRs6o80FRFRN_1sPvlTx0B8ZVuHdvIPdp5u_891.7.mp3,4
4187,https://extractedaudio.s3.eu-west-2.amazonaws.com/6/O_show_6okhvivdpQ9sSqCf16Y11D_0IEYSe0DazzmuQNHGtwscH_385.7.mp3,4
4188,https://extractedaudio.s3.eu-west-2.amazonaws.com/6/W_show_6WCGCMNj82qaVQjMMTU2iK_1cIC7iAfFJYVTsPoBeblt7_375.1.mp3,4.5
4189,https://extractedaudio.s3.eu-west-2.amazonaws.com/6/U_show_6uRYvpYOClIRs6o80FRFRN_1sPvlTx0B8ZVuHdvIPdp5u_963.8.mp3,4
4190,https://extractedaudio.s3.eu-west-2.amazonaws.com/6/S_show_6SZVsPIxPfVs6aavqM1peY_2HM3neV7l51RcvgYAf1O1q_389.6.mp3,4.5
4191,https://extractedaudio.s3.eu-west-2.amazonaws.com/6/M_show_6MhiiWr66guACtbT36XRf2_2Q3nE9Uri5cybI4pnvaDPa_953.0.mp3,3.5
4192,https://extractedaudio.s3.eu-west-2.amazonaws.com/6/V_show_6vJyyBJ1REOSsx2mlehcre_740bzxqyeohxXw226Lgwmg_565.3.mp3,2.5
4193,https://extractedaudio.s3.eu-west-2.amazonaws.com/6/S_show_6s44mHo0bvALV0JH1Q3uMw_6c28ATrbCs9c93Z5ju0hLk_1943.2.mp3,2
4194,https://extractedaudio.s3.eu-west-2.amazonaws.com/6/W_show_6W3I4kReWdoDjIWuO7wEj9_4Ova37bZUWDvVflE96QZW7_2752.0.mp3,3
4195,https://extractedaudio.s3.eu-west-2.amazonaws.com/6/F_show_6fPsNbi8m8mCIyGZH1YGm1_6dCvGpZj87FAL5ccmHInIY_2504.8.mp3,2
4196,https://extractedaudio.s3.eu-west-2.amazonaws.com/6/E_show_6EQzQBx9g8sLhB6pJl8dVp_50e0uMppN11gk7VUvQBdqO_389.7.mp3,2.5
4197,https://extractedaudio.s3.eu-west-2.amazonaws.com/6/L_show_6LCBJGw0EHG03rdWHxUMce_4lD7K1YqKSxo62oQYuWRE7_1274.4.mp3,1.5
4198,https://extractedaudio.s3.eu-west-2.amazonaws.com/6/H_show_6hYzzPnhjDlefnLSCPYO1c_2yIAxVAlC2g8hf0ZxuM84r_1550.6.mp3,2
4199,https://extractedaudio.s3.eu-west-2.amazonaws.com/6/U_show_6uRYvpYOClIRs6o80FRFRN_1sPvlTx0B8ZVuHdvIPdp5u_3192.0.mp3,2
4200,https://extractedaudio.s3.eu-west-2.amazonaws.com/6/U_show_6uRYvpYOClIRs6o80FRFRN_1sPvlTx0B8ZVuHdvIPdp5u_2634.1.mp3,3
4201,https://extractedaudio.s3.eu-west-2.amazonaws.com/6/L_show_6l8bcqH5BpC0Ih3s1o0yRD_4phOuNI4VbQDCu3r15XGv3_1624.0.mp3,1
4202,https://extractedaudio.s3.eu-west-2.amazonaws.com/6/B_show_6b5nYxUT7I1Vkne744FXF9_0R3wEa2aGo6HI3izOn4VTf_645.5.mp3,2
4203,https://extractedaudio.s3.eu-west-2.amazonaws.com/2/I_show_2i4kaXGB4B1S24DhhdPrw7_1zRhore2U6Ie4xU6aWsbUy_423.0.mp3,2.5
4204,https://extractedaudio.s3.eu-west-2.amazonaws.com/2/S_show_2SW5wFOe6TpKLGweTLz1GI_46gGZ0Lbwy353lN13cRh8s_1537.2.mp3,2
4205,https://extractedaudio.s3.eu-west-2.amazonaws.com/2/6_show_26btXibgh2cxTo10ey12vj_0iDGYZAUhzTVvsPIJ3xx7M_109.2.mp3,3
4206,https://extractedaudio.s3.eu-west-2.amazonaws.com/2/G_show_2gfE7zxYA4hz8Dkm2RUtgm_131bVbB6GfBzKEIsvFWPti_486.0.mp3,3.5
4207,https://extractedaudio.s3.eu-west-2.amazonaws.com/2/I_show_2i4kaXGB4B1S24DhhdPrw7_1zRhore2U6Ie4xU6aWsbUy_1668.7.mp3,3.5
4208,https://extractedaudio.s3.eu-west-2.amazonaws.com/2/O_show_2o75FhIQAlc7ycr5ovqQzd_5xUGgO0m4G1NKbj9Bv3gud_1327.9.mp3,0.5
4209,https://extractedaudio.s3.eu-west-2.amazonaws.com/2/Q_show_2qrukKr6EMxUJJLSLNADS0_5xRgITcBU6GkI8hEIvyETT_2172.6.mp3,2.5
4210,https://extractedaudio.s3.eu-west-2.amazonaws.com/2/P_show_2prP9DUj3ngX16vbmHedfU_1aaiZgBoi5qaOMr3ZrwOep_3174.4.mp3,2.5
4211,https://extractedaudio.s3.eu-west-2.amazonaws.com/6/I_show_6IUuGlrgkNx1yijdVP3FBB_50cF53HCinl0AzZ77epaH0_20.3.mp3,4
4212,https://extractedaudio.s3.eu-west-2.amazonaws.com/6/W_show_6W3I4kReWdoDjIWuO7wEj9_4Ova37bZUWDvVflE96QZW7_116.6.mp3,3
4213,https://extractedaudio.s3.eu-west-2.amazonaws.com/6/P_show_6P1lNBJbtXVkT8J4m9kAD0_2RHWLHZkteboxFQBgqWOvA_709.2.mp3,4
4214,https://extractedaudio.s3.eu-west-2.amazonaws.com/6/L_show_6l8bcqH5BpC0Ih3s1o0yRD_4phOuNI4VbQDCu3r15XGv3_1428.6.mp3,3
4215,https://extractedaudio.s3.eu-west-2.amazonaws.com/6/S_show_6SZVsPIxPfVs6aavqM1peY_2HM3neV7l51RcvgYAf1O1q_248.6.mp3,4
4216,https://extractedaudio.s3.eu-west-2.amazonaws.com/6/I_show_6I73b0kVHO6bg3FOmFUpdA_7Df1o1OTraEu69ZiD945Nc_1851.9.mp3,4
4217,https://extractedaudio.s3.eu-west-2.amazonaws.com/6/L_show_6LCBJGw0EHG03rdWHxUMce_4lD7K1YqKSxo62oQYuWRE7_896.1.mp3,2
4218,https://extractedaudio.s3.eu-west-2.amazonaws.com/6/L_show_6LCBJGw0EHG03rdWHxUMce_4lD7K1YqKSxo62oQYuWRE7_1464.0.mp3,1.5
4219,https://extractedaudio.s3.eu-west-2.amazonaws.com/6/S_show_6SZVsPIxPfVs6aavqM1peY_23IJOCsDaVLdOqe1t2w7w2_1605.7.mp3,4
4220,https://extractedaudio.s3.eu-west-2.amazonaws.com/6/I_show_6I73b0kVHO6bg3FOmFUpdA_0ngVj5IERuuHMgTlqOEk5N_471.5.mp3,3.5
4221,https://extractedaudio.s3.eu-west-2.amazonaws.com/6/S_show_6SZVsPIxPfVs6aavqM1peY_5IbzRRVmDN73RokF7LHhvx_692.2.mp3,3
4222,https://extractedaudio.s3.eu-west-2.amazonaws.com/6/M_show_6MhiiWr66guACtbT36XRf2_2Q3nE9Uri5cybI4pnvaDPa_842.1.mp3,3.5
4223,https://extractedaudio.s3.eu-west-2.amazonaws.com/6/J_show_6JVfVaJZ6p6qeFt8gF1I4q_6gp5bWbVh2BtQNLxQoxDMT_2043.8.mp3,4
4224,https://extractedaudio.s3.eu-west-2.amazonaws.com/6/G_show_6gDJrxI17NmfUMVrceudJF_1mdlJfZSCKggvJfI2YhXVz_2850.5.mp3,1.5
4225,https://extractedaudio.s3.eu-west-2.amazonaws.com/6/B_show_6B9RTUSSULTd0Fk5ANJaIY_60Oa91qowY14I1IcNdTAVS_319.3.mp3,3
4226,https://extractedaudio.s3.eu-west-2.amazonaws.com/6/A_show_6aPLLF1K5MOi68NEJpkDjC_3iCB4GvnIWLladZYhJmjgR_473.4.mp3,2
4227,https://extractedaudio.s3.eu-west-2.amazonaws.com/6/B_show_6bDpLJ9Va2wj2C7MVi0dTU_0HdGz6EtbLRBYbRYXTz52k_1694.8.mp3,3
4228,https://extractedaudio.s3.eu-west-2.amazonaws.com/6/S_show_6SZVsPIxPfVs6aavqM1peY_0pdTJSJDEmmTJmakRzTzFD_827.3.mp3,4.5
4229,https://extractedaudio.s3.eu-west-2.amazonaws.com/6/S_show_6sY90mdRx78qRAQKV8xEJe_4yxklELWyRTf6N50bTvsrW_245.6.mp3,2.5
4230,https://extractedaudio.s3.eu-west-2.amazonaws.com/4/N_show_4nxZv7qhyoxNdVjzhKLOL9_6HUw3Zz5L41OYaNCNJpJzr_192.4.mp3,2.5
4231,https://extractedaudio.s3.eu-west-2.amazonaws.com/4/E_show_4ETrBShPQeSIK9aKcOuvPY_19aGN3y5DN3xkqC9e8g2ZP_488.4.mp3,3
4232,https://extractedaudio.s3.eu-west-2.amazonaws.com/4/4_show_44pI1bcAKbrA2fLZpwJF4X_38Bvag2GtKLPdaZDnqBGQd_3901.0.mp3,3
4233,https://extractedaudio.s3.eu-west-2.amazonaws.com/4/K_show_4kiSYNiaAylOxAhKGjXxxC_1NizOQgOPmkDNjESeGFdPi_528.8.mp3,3.5
4234,https://extractedaudio.s3.eu-west-2.amazonaws.com/4/1_show_41ds4pOAqbxhGSA0g7uwgZ_6revwH24ksvPeya3ohHBlf_498.5.mp3,4
4235,https://extractedaudio.s3.eu-west-2.amazonaws.com/4/C_show_4cgPu8JGLXSm2PWUQ9CaZd_71GVumsP7PtWCfnZblDWKo_156.1.mp3,4
4236,https://extractedaudio.s3.eu-west-2.amazonaws.com/1/6_show_164dztB5SKhJ6rrguHKYGK_6x5AQ9oMZQVMxXpJh6aeHd_312.7.mp3,4
4237,https://extractedaudio.s3.eu-west-2.amazonaws.com/1/E_show_1eFmReBvBxxbjtU6UKMlvt_2QSByvGPDIeRhbK8Hf8XAA_626.8.mp3,4
4238,https://extractedaudio.s3.eu-west-2.amazonaws.com/1/H_show_1HKgU6WUDMZTnFChe8KT0Q_1ZeT3NecmFOYRRxEEZXcr5_3157.7.mp3,3
4239,https://extractedaudio.s3.eu-west-2.amazonaws.com/1/H_show_1HKgU6WUDMZTnFChe8KT0Q_5Y6NqwFaCP1uo5yncecpDz_766.8.mp3,3.5
4240,https://extractedaudio.s3.eu-west-2.amazonaws.com/1/P_show_1PGN4ilb4aoWKkB7FNSLsx_01zWozUbMY3ISJRk2FhFCi_2100.7.mp3,4
4241,https://extractedaudio.s3.eu-west-2.amazonaws.com/1/8_show_18BwQFE9t9oKG6NhAWIOkU_32Ehs237llZRyGItZHnfhe_1123.4.mp3,5
4242,https://extractedaudio.s3.eu-west-2.amazonaws.com/1/K_show_1K6sHMxIFVyVHCMQOjXtns_145xw92ErLWjxiUC0He2wG_225.0.mp3,2
4243,https://extractedaudio.s3.eu-west-2.amazonaws.com/1/N_show_1NXUZYiTH4T38CBDv31uhL_3EZNH3p3jfX2eIFCWMpVkM_662.3.mp3,2.5
4244,https://extractedaudio.s3.eu-west-2.amazonaws.com/1/H_show_1hwUP0FPYQtOWJvquNwz7I_2tKzyXy5Z1JcfixiMV58yL_2000.8.mp3,3
4245,https://extractedaudio.s3.eu-west-2.amazonaws.com/1/R_show_1rp8TxqmJiErzktr5YP8XK_0DzUSAwfTVTpr0sn6jBbdU_1907.9.mp3,3
4246,https://extractedaudio.s3.eu-west-2.amazonaws.com/0/I_show_0i4SJwrYjxs3Bd5Yqx4Pbw_5bURuOp4bv17NGq4q9Z8T4_925.3.mp3,2.5
4247,https://extractedaudio.s3.eu-west-2.amazonaws.com/0/D_show_0dHdlYCDjYCHkIAl3H6Uxr_2iVQbNbHVCt8a7AxPGkcIa_863.6.mp3,2
4248,https://extractedaudio.s3.eu-west-2.amazonaws.com/0/3_show_03XB8xpBd7yfor3HRFTnkC_6yA2rryiYE7rOkR26rNIAd_886.4.mp3,2.5
4249,https://extractedaudio.s3.eu-west-2.amazonaws.com/0/S_show_0SwyRMJWGZQSTii0zLjV7A_6QKR16GHqxwgROYgdaQ3ag_588.7.mp3,2
4250,https://extractedaudio.s3.eu-west-2.amazonaws.com/0/R_show_0ryb76VEJNI9l8T584q2ff_2xXDczPc6CLvDyUOUV7uMO_1052.7.mp3,2
4251,https://extractedaudio.s3.eu-west-2.amazonaws.com/0/M_show_0MrXdNa1jz0w1o7jj89CFR_7MhEHTudf2a5eX2G8Sy57h_95.8.mp3,2
4252,https://extractedaudio.s3.eu-west-2.amazonaws.com/0/J_show_0JzjzwJcRqFZ3BcACtahh8_2jVN1MnM9OzZYIJw5xjjoa_1244.6.mp3,4
4253,https://extractedaudio.s3.eu-west-2.amazonaws.com/0/M_show_0MrXdNa1jz0w1o7jj89CFR_7MhEHTudf2a5eX2G8Sy57h_245.0.mp3,4
4254,https://extractedaudio.s3.eu-west-2.amazonaws.com/5/C_show_5CnDmMUG0S5bSSw612fs8C_3lfdq799PvP7K97wFNBxGA_1087.0.mp3,3
4255,https://extractedaudio.s3.eu-west-2.amazonaws.com/5/6_show_56CjYLQWyMx1MkOEQmlubi_0DzUE1CqZ4YsZJhr5MJcFL_1345.2.mp3,4
4256,https://extractedaudio.s3.eu-west-2.amazonaws.com/5/5_show_55GP6pfA0RlmtEgNH70d5K_0kJCf9Hm2mllvhFmranEJ5_2082.6.mp3,3
4257,https://extractedaudio.s3.eu-west-2.amazonaws.com/5/A_show_5AY7fzAHW7frgSSWXn158B_0cf3fWj9JYztmv6ecU3SwL_28.1.mp3,4
4258,https://extractedaudio.s3.eu-west-2.amazonaws.com/5/6_show_56CjYLQWyMx1MkOEQmlubi_7zzZJGsL8fwDOrduUkX91D_446.8.mp3,3
4259,https://extractedaudio.s3.eu-west-2.amazonaws.com/5/6_show_56CjYLQWyMx1MkOEQmlubi_52X55jzBZpsHPqCejDhO8I_146.8.mp3,1.5
4260,https://extractedaudio.s3.eu-west-2.amazonaws.com/5/A_show_5aWTKGiBnayQH2TQgkAnSg_5oFcFIeeYHCOhZL6J3mBiZ_3318.9.mp3,0.5
4261,https://extractedaudio.s3.eu-west-2.amazonaws.com/5/A_show_5aWTKGiBnayQH2TQgkAnSg_5oFcFIeeYHCOhZL6J3mBiZ_647.3.mp3,2
4262,https://extractedaudio.s3.eu-west-2.amazonaws.com/5/5_show_55vG1j5hNc1R6J0rO4Yh1h_7smhObpSVMWchNkv8kfhSu_1675.9.mp3,3.5
4263,https://extractedaudio.s3.eu-west-2.amazonaws.com/4/X_show_4XYNO594NsbmuqGmSqxbII_3qkJomJZZa9GaCHTksDzOz_1793.5.mp3,3
4264,https://extractedaudio.s3.eu-west-2.amazonaws.com/4/H_show_4Hjm74ZMqodx5UmAeWAOJF_7eRQ9eRQaDnRfHf5k7Rehh_748.3.mp3,3
4265,https://extractedaudio.s3.eu-west-2.amazonaws.com/4/N_show_4NmNRU6jCifVv2n0zqlnl3_3sc4csDzmpJV7Hgoj38c49_1156.7.mp3,4
4266,https://extractedaudio.s3.eu-west-2.amazonaws.com/4/0_show_4053MooFmLA18LOnZvJtsJ_0PeBiLmGqmRy2tNestPpsZ_624.3.mp3,2
4267,https://extractedaudio.s3.eu-west-2.amazonaws.com/4/1_show_41ds4pOAqbxhGSA0g7uwgZ_6revwH24ksvPeya3ohHBlf_565.5.mp3,4
4268,https://extractedaudio.s3.eu-west-2.amazonaws.com/4/S_show_4SSmepMDoAIDPJGsUn8mxe_6XJzp51TsNfxPxEx1A4r2S_166.0.mp3,3
4269,https://extractedaudio.s3.eu-west-2.amazonaws.com/4/8_show_484IbiXkUFchBApqfeW35u_4K6813he1RekQpAP9IiuGF_262.6.mp3,3.5
4270,https://extractedaudio.s3.eu-west-2.amazonaws.com/5/6_show_56CjYLQWyMx1MkOEQmlubi_5NcPHGiVosM46tZlSzAqlU_377.1.mp3,2
4271,https://extractedaudio.s3.eu-west-2.amazonaws.com/5/6_show_56CjYLQWyMx1MkOEQmlubi_2Qc3Qev8ZVBbwGNzIFZeqY_172.8.mp3,3.5
4272,https://extractedaudio.s3.eu-west-2.amazonaws.com/5/6_show_56CjYLQWyMx1MkOEQmlubi_2arEtJAK9x5QPATC046xGO_928.8.mp3,2
4273,https://extractedaudio.s3.eu-west-2.amazonaws.com/5/D_show_5dWLlNlMyn93XuNe40X0Dz_19mCEREZlPevlIUNX955xu_1045.5.mp3,3
4274,https://extractedaudio.s3.eu-west-2.amazonaws.com/5/B_show_5bKySh6jw9C0IWjaMCkTMo_3ExlPeBAJ1JgQ0HBuVJlJb_2872.1.mp3,2.5
4275,https://extractedaudio.s3.eu-west-2.amazonaws.com/5/6_show_56CjYLQWyMx1MkOEQmlubi_1ciOqtHoG2sI85GL6a3pXL_916.3.mp3,4
4276,https://extractedaudio.s3.eu-west-2.amazonaws.com/5/6_show_56CjYLQWyMx1MkOEQmlubi_7zzZJGsL8fwDOrduUkX91D_264.1.mp3,2
4277,https://extractedaudio.s3.eu-west-2.amazonaws.com/5/A_show_5aWTKGiBnayQH2TQgkAnSg_5oFcFIeeYHCOhZL6J3mBiZ_1953.8.mp3,2
4278,https://extractedaudio.s3.eu-west-2.amazonaws.com/5/D_show_5dWLlNlMyn93XuNe40X0Dz_4LrK3P0FPQmvG1zOVfeqMV_702.2.mp3,1
4279,https://extractedaudio.s3.eu-west-2.amazonaws.com/5/5_show_55GP6pfA0RlmtEgNH70d5K_0QTS7jb6Tk32x7A6xL45br_2727.7.mp3,3
4280,https://extractedaudio.s3.eu-west-2.amazonaws.com/4/X_show_4xFofN0BxL5WBSukJwsdOF_1xqeFtePJPMmDcCV97MCKV_1577.2.mp3,2.5
4281,https://extractedaudio.s3.eu-west-2.amazonaws.com/4/1_show_41ds4pOAqbxhGSA0g7uwgZ_6revwH24ksvPeya3ohHBlf_1754.3.mp3,4.5
4282,https://extractedaudio.s3.eu-west-2.amazonaws.com/4/D_show_4doKHu5lc4QNxJUL21zIjZ_1PzzPnC9f9FtjKEniW1NJH_1876.9.mp3,2.5
4283,https://extractedaudio.s3.eu-west-2.amazonaws.com/4/V_show_4vk4IB16ndMME4VTv7yfAE_2gWlOaugQr6tvtdRVMvrjf_755.2.mp3,1.5
4284,https://extractedaudio.s3.eu-west-2.amazonaws.com/2/A_show_2AdINEzvgYtnolccx84HWQ_0RoNUilmBbghIoqsjF0pS4_2120.7.mp3,2
4285,https://extractedaudio.s3.eu-west-2.amazonaws.com/2/J_show_2JrTqfIIdIA83H7o3aRz2d_1dCvMBsI1lDV5hBatXaFe6_1739.3.mp3,1
4286,https://extractedaudio.s3.eu-west-2.amazonaws.com/2/W_show_2wJpmySw3FtVe5uvT2kaAR_5JyjnMobKamZhiahk7JmZb_2608.6.mp3,3
4287,https://extractedaudio.s3.eu-west-2.amazonaws.com/2/M_show_2Mkrfx6HroyJiFjCnSRkOF_4bgSanb2Eo7fgjrKIDirLv_631.8.mp3,3.5
4288,https://extractedaudio.s3.eu-west-2.amazonaws.com/2/N_show_2NSMVgqBq3qhmbwgQW1mhK_0KDTcJa0Bl6aDG4BxLTDtE_1276.6.mp3,0
4289,https://extractedaudio.s3.eu-west-2.amazonaws.com/2/S_show_2SW5wFOe6TpKLGweTLz1GI_46gGZ0Lbwy353lN13cRh8s_161.7.mp3,3
4290,https://extractedaudio.s3.eu-west-2.amazonaws.com/2/L_show_2lhHHTwNSFUcQHMyl8rjrf_6oaqqkZN4DaOxudwgspbqQ_4778.5.mp3,4.5
4291,https://extractedaudio.s3.eu-west-2.amazonaws.com/2/G_show_2gfE7zxYA4hz8Dkm2RUtgm_7AnnKjhEOFrluqjWc3XU8L_1925.6.mp3,3.5
4292,https://extractedaudio.s3.eu-west-2.amazonaws.com/2/6_show_26btXibgh2cxTo10ey12vj_0iDGYZAUhzTVvsPIJ3xx7M_1375.0.mp3,3.5
4293,https://extractedaudio.s3.eu-west-2.amazonaws.com/2/V_show_2Vh5jVI1EdMDeHs3N8XoME_4hlCYqJLiwFpTlqtgajCn6_932.8.mp3,3
4294,https://extractedaudio.s3.eu-west-2.amazonaws.com/2/G_show_2gfE7zxYA4hz8Dkm2RUtgm_0BtBVfHvVNzMtj5jqnyBqa_2036.6.mp3,3.5
4295,https://extractedaudio.s3.eu-west-2.amazonaws.com/2/W_show_2wXJp6I575NASrepx3PtLr_0GFtkG4AnHxY16ZmWX7zqP_1375.0.mp3,3
4296,https://extractedaudio.s3.eu-west-2.amazonaws.com/2/S_show_2SW5wFOe6TpKLGweTLz1GI_46gGZ0Lbwy353lN13cRh8s_1064.4.mp3,4
4297,https://extractedaudio.s3.eu-west-2.amazonaws.com/2/G_show_2gfE7zxYA4hz8Dkm2RUtgm_6DC7RAtOnkYxFNjevMpPcc_1395.8.mp3,3
4298,https://extractedaudio.s3.eu-west-2.amazonaws.com/2/I_show_2i4kaXGB4B1S24DhhdPrw7_4xObkcDVhQRS3lJfYc5HSY_1391.6.mp3,2
4299,https://extractedaudio.s3.eu-west-2.amazonaws.com/2/V_show_2Vh5jVI1EdMDeHs3N8XoME_28Teud31e8EJ3CvH0xaDCJ_3664.1.mp3,3
4300,https://extractedaudio.s3.eu-west-2.amazonaws.com/0/C_show_0CkR1JBH9RZYpxlF39BM8N_5OHe56ZgpvsA7lD7LMGKJe_1063.4.mp3,3.5
4301,https://extractedaudio.s3.eu-west-2.amazonaws.com/0/H_show_0h4iELZhWMcF2TJJRd2QIs_75biJHWMw9PNf1dy4UWhv7_1168.1.mp3,3.5
4302,https://extractedaudio.s3.eu-west-2.amazonaws.com/0/V_show_0Vd8E5vWnCfB4xucu87WNZ_1uBkATVDs9qWZ1zthua5Nb_3021.9.mp3,3.5
4303,https://extractedaudio.s3.eu-west-2.amazonaws.com/0/V_show_0Vd8E5vWnCfB4xucu87WNZ_1uBkATVDs9qWZ1zthua5Nb_1289.2.mp3,3
4304,https://extractedaudio.s3.eu-west-2.amazonaws.com/0/H_show_0h4iELZhWMcF2TJJRd2QIs_5E7gVwAbSFgRUz2r5TjmhM_777.3.mp3,2
4305,https://extractedaudio.s3.eu-west-2.amazonaws.com/0/I_show_0iX09iRkw0IUFlhvQQykcS_6n3V5M0V9qff6864QaKTQq_472.8.mp3,4
4306,https://extractedaudio.s3.eu-west-2.amazonaws.com/0/L_show_0L0j6X6cf3DO1Bs0D0K4Ch_020HHlbc0Fo4ICM14o1Lev_155.1.mp3,2.5
4307,https://extractedaudio.s3.eu-west-2.amazonaws.com/0/I_show_0I22C9iyvVT3M6DEILuD9F_4A9X4HdInJpGcIZnvalVCb_580.3.mp3,4
4308,https://extractedaudio.s3.eu-west-2.amazonaws.com/0/H_show_0h4iELZhWMcF2TJJRd2QIs_5E7gVwAbSFgRUz2r5TjmhM_759.3.mp3,3.5
4309,https://extractedaudio.s3.eu-west-2.amazonaws.com/0/S_show_0SwyRMJWGZQSTii0zLjV7A_6QKR16GHqxwgROYgdaQ3ag_663.4.mp3,3
4310,https://extractedaudio.s3.eu-west-2.amazonaws.com/0/I_show_0iX09iRkw0IUFlhvQQykcS_2n7u5DhoCjuVgBiaHLrGo9_2921.7.mp3,2
4311,https://extractedaudio.s3.eu-west-2.amazonaws.com/0/I_show_0iX09iRkw0IUFlhvQQykcS_6n3V5M0V9qff6864QaKTQq_1349.1.mp3,3
4312,https://extractedaudio.s3.eu-west-2.amazonaws.com/0/5_show_058nTf22elnQgslKIMseIs_4AEuMtJ8jmTcItQMKFkQdg_1028.1.mp3,3.5
4313,https://extractedaudio.s3.eu-west-2.amazonaws.com/0/V_show_0Vd8E5vWnCfB4xucu87WNZ_25UKqAx1kVTgDyodz1p5I6_1241.1.mp3,3
4314,https://extractedaudio.s3.eu-west-2.amazonaws.com/0/F_show_0fNhSmtyzHk4siGWFHgRoZ_7JPC1L3VZQNo0EzC63sEzf_2684.2.mp3,2
4315,https://extractedaudio.s3.eu-west-2.amazonaws.com/0/I_show_0I22C9iyvVT3M6DEILuD9F_1GUnQIswvL02o1BokKvvoZ_515.8.mp3,4
4316,https://extractedaudio.s3.eu-west-2.amazonaws.com/5/5_show_55GP6pfA0RlmtEgNH70d5K_0kJCf9Hm2mllvhFmranEJ5_2640.9.mp3,3.5
4317,https://extractedaudio.s3.eu-west-2.amazonaws.com/5/R_show_5r2wxFxeI03AGxbIOK0r0a_0pEuOsao3CooD8hzZnM6TW_717.4.mp3,2
4318,https://extractedaudio.s3.eu-west-2.amazonaws.com/5/E_show_5EyzgZSvR4hFk6umOWyDCv_5LciyfuGxkAu3ptRYml58H_1671.3.mp3,1.5
4319,https://extractedaudio.s3.eu-west-2.amazonaws.com/5/P_show_5pIQxuHKgDEssUg9Ec1BC8_3L8JEgcSRiKA2wQNDXX6id_1516.4.mp3,2
4320,https://extractedaudio.s3.eu-west-2.amazonaws.com/5/B_show_5bKySh6jw9C0IWjaMCkTMo_3ExlPeBAJ1JgQ0HBuVJlJb_146.8.mp3,2
4321,https://extractedaudio.s3.eu-west-2.amazonaws.com/5/5_show_550ZI1sg75lbNv7TXoQbec_5o5mjc3DgeNumtx5jH2IFq_3916.4.mp3,2
4322,https://extractedaudio.s3.eu-west-2.amazonaws.com/5/B_show_5Bo6qw8Vd901nbZeAhJn0D_1CJEbafINw4z0OvILeDamr_1243.7.mp3,2
4323,https://extractedaudio.s3.eu-west-2.amazonaws.com/5/C_show_5CJQiym4tGiveqeaFqUbcJ_6kRAQ2gUr0KskgJkZHokTj_2495.5.mp3,3.5
4324,https://extractedaudio.s3.eu-west-2.amazonaws.com/5/C_show_5CnDmMUG0S5bSSw612fs8C_5B30iV65NMoxdxMp0Go1Pq_2562.8.mp3,4
4325,https://extractedaudio.s3.eu-west-2.amazonaws.com/5/A_show_5aWTKGiBnayQH2TQgkAnSg_5oFcFIeeYHCOhZL6J3mBiZ_3068.5.mp3,3.5
4326,https://extractedaudio.s3.eu-west-2.amazonaws.com/4/N_show_4NNO0yIIxzSsZTXR0XnaP7_1UNu0yOKCZVzZBdFw4chE7_1479.4.mp3,3
4327,https://extractedaudio.s3.eu-west-2.amazonaws.com/4/4_show_44pI1bcAKbrA2fLZpwJF4X_3Ps6nA6TBYtIZOWidQlHS4_3249.5.mp3,2
4328,https://extractedaudio.s3.eu-west-2.amazonaws.com/4/J_show_4j8RXYWVPZ2ZiqmvDnL9pL_7CVR5fSnvc41QbDPhfc6ab_368.2.mp3,2
4329,https://extractedaudio.s3.eu-west-2.amazonaws.com/4/Q_show_4qPnBYJhKgvlIlCWD7A8Lb_0G9PQcxvOsfG94yXlveDS2_1080.5.mp3,2
4330,https://extractedaudio.s3.eu-west-2.amazonaws.com/4/7_show_47laK7quMjQnlXaydMXSWS_145xJwei5hVUk0K3kEwPOH_93.0.mp3,3
4331,https://extractedaudio.s3.eu-west-2.amazonaws.com/4/3_show_43mTFxSHXF7Xtvjx4TF0Dc_40nPDbyTHqdTajePfa5Bfq_662.1.mp3,3.5
4332,https://extractedaudio.s3.eu-west-2.amazonaws.com/4/X_show_4xVEORISEyc1uEYJdH1WBi_3U7aGwlqdRoI7RZVG0orfE_1457.1.mp3,2
4333,https://extractedaudio.s3.eu-west-2.amazonaws.com/4/8_show_484IbiXkUFchBApqfeW35u_4K6813he1RekQpAP9IiuGF_550.1.mp3,3.5
4334,https://extractedaudio.s3.eu-west-2.amazonaws.com/4/C_show_4c2xR0T7dgjpAM5xMd4veL_0tz20mAMh9FScHjaSOUpr6_2922.6.mp3,2
4335,https://extractedaudio.s3.eu-west-2.amazonaws.com/4/Q_show_4QKtDrRwgAzuq2GNHQvmTB_59VTGhhapqEmsRsTI7H6o7_2099.0.mp3,0.5
4336,https://extractedaudio.s3.eu-west-2.amazonaws.com/1/E_show_1eFmReBvBxxbjtU6UKMlvt_2QSByvGPDIeRhbK8Hf8XAA_620.8.mp3,4.5
4337,https://extractedaudio.s3.eu-west-2.amazonaws.com/1/P_show_1pSCnjJm0qZDZ0h2JIRe45_2Q7BavpmGTyBvmEk7ZduBL_68.1.mp3,2.5
4338,https://extractedaudio.s3.eu-west-2.amazonaws.com/1/Q_show_1q3n4RxgH2XJHOkt3KS0Mu_1eK9tGXqMEkmH8ls5Y8BEr_629.6.mp3,2
4339,https://extractedaudio.s3.eu-west-2.amazonaws.com/1/R_show_1R5sbnzbc7hCMv9RTFIEWw_6QODJbcrAJa71LKYSp1nFS_1109.3.mp3,2
4340,https://extractedaudio.s3.eu-west-2.amazonaws.com/1/A_show_1az90Zo0H3kgPEju5MuzWK_405sK9qb97RWQe0B3yWKsv_3927.9.mp3,2.5
4341,https://extractedaudio.s3.eu-west-2.amazonaws.com/1/P_show_1ppz6tg2fPuOL2bVJNLk5H_1w5Iu1rqgQcWEsARj12uf3_1863.5.mp3,4
4342,https://extractedaudio.s3.eu-west-2.amazonaws.com/1/U_show_1U7ZaHAiJDCa01LB1UMA3B_2kwCz3SHRpmF7t4JJJytwQ_3747.5.mp3,3.5
4343,https://extractedaudio.s3.eu-west-2.amazonaws.com/1/O_show_1O6UL6L2KTgIgMuH9LdxTY_4lvwrPI2dhz1B7Ys4jUozH_1588.8.mp3,3.5
4344,https://extractedaudio.s3.eu-west-2.amazonaws.com/1/K_show_1kAlMjcwRC55YfFWF8MGi3_0J97RUTRYaz4MDujXQ1Lua_1670.6.mp3,2.5
4345,https://extractedaudio.s3.eu-west-2.amazonaws.com/6/4_show_643N39FefZv0PvQ3GMmdTw_217LqHS8t6XSEbonVFzSb1_1003.7.mp3,3.5
4346,https://extractedaudio.s3.eu-west-2.amazonaws.com/6/S_show_6SZVsPIxPfVs6aavqM1peY_7e8yrTXqwhNk8GnCzdbNFp_1481.2.mp3,3.5
4347,https://extractedaudio.s3.eu-west-2.amazonaws.com/6/M_show_6MhiiWr66guACtbT36XRf2_2Q3nE9Uri5cybI4pnvaDPa_1091.7.mp3,3.5
4348,https://extractedaudio.s3.eu-west-2.amazonaws.com/6/G_show_6GmJvPWD70fR09iuxsUVS1_11bjSGpHPQDhyjCvwli8Yi_1538.9.mp3,4.5
4349,https://extractedaudio.s3.eu-west-2.amazonaws.com/6/O_show_6okhvivdpQ9sSqCf16Y11D_0IEYSe0DazzmuQNHGtwscH_556.2.mp3,3
4350,https://extractedaudio.s3.eu-west-2.amazonaws.com/6/M_show_6MhiiWr66guACtbT36XRf2_2Q3nE9Uri5cybI4pnvaDPa_145.0.mp3,3.5
4351,https://extractedaudio.s3.eu-west-2.amazonaws.com/6/6_show_66ZRcVrJNxQsc6fvnksGVr_17PHWDKsfcUv3rLltms41w_2769.0.mp3,4.5
4352,https://extractedaudio.s3.eu-west-2.amazonaws.com/5/C_show_5CnDmMUG0S5bSSw612fs8C_4rrsnfRfpHa1X7J51kru95_99.8.mp3,3.5
4353,https://extractedaudio.s3.eu-west-2.amazonaws.com/5/G_show_5gQFmea6FGUVeNpI37mYRv_4WUzaNDnSH35oQO172HkOC_930.2.mp3,1.5
4354,https://extractedaudio.s3.eu-west-2.amazonaws.com/5/6_show_56CjYLQWyMx1MkOEQmlubi_6QsR3BTCBi0K05MdM8vSNs_121.1.mp3,4
4355,https://extractedaudio.s3.eu-west-2.amazonaws.com/5/B_show_5bKySh6jw9C0IWjaMCkTMo_05rn7tUbORUgB2dHtrmK21_1272.1.mp3,1.5
4356,https://extractedaudio.s3.eu-west-2.amazonaws.com/5/6_show_56CjYLQWyMx1MkOEQmlubi_1Xiw4IMnTQhJYWzVNtYOGl_265.5.mp3,3.5
4357,https://extractedaudio.s3.eu-west-2.amazonaws.com/5/3_show_53XeIWnNQRvrCQDJPjg1wJ_52xJPmOkVPJnxlxWRFLSiL_1840.7.mp3,3.5
4358,https://extractedaudio.s3.eu-west-2.amazonaws.com/5/C_show_5C9yXrX999QNS1Q62IlXvc_6ft1JvEh2bZNH6J2nVW3Aa_1161.2.mp3,4
4359,https://extractedaudio.s3.eu-west-2.amazonaws.com/5/G_show_5gQFmea6FGUVeNpI37mYRv_4WUzaNDnSH35oQO172HkOC_841.3.mp3,4
4360,https://extractedaudio.s3.eu-west-2.amazonaws.com/5/X_show_5xYa03OjEhrXec7RWlBN7R_1aigMsjAhz2PE5LCa2kwWh_1281.8.mp3,4
4361,https://extractedaudio.s3.eu-west-2.amazonaws.com/5/W_show_5wUS71EaWojLSGqfMOgkOQ_6EXtv6A1BNHnQzTR1pMoLF_757.9.mp3,3.5
4362,https://extractedaudio.s3.eu-west-2.amazonaws.com/5/V_show_5VBD1e84t6XxrwhbuI5qHN_4GCuANgj9Ebd4af4EZMl9z_489.9.mp3,3.5
4363,https://extractedaudio.s3.eu-west-2.amazonaws.com/5/U_show_5USTMLaK2oL3rl1wE23Y8j_0Z7LazQ40CTywwclwntzrW_214.1.mp3,4
4364,https://extractedaudio.s3.eu-west-2.amazonaws.com/5/C_show_5CnDmMUG0S5bSSw612fs8C_5B30iV65NMoxdxMp0Go1Pq_1857.5.mp3,2
4365,https://extractedaudio.s3.eu-west-2.amazonaws.com/5/3_show_53XeIWnNQRvrCQDJPjg1wJ_1Yz5hBbnM6tCFKmRFzVaXW_90.2.mp3,3
4366,https://extractedaudio.s3.eu-west-2.amazonaws.com/2/W_show_2wXJp6I575NASrepx3PtLr_4D3PYe2vGVwSajSAEN5U74_1798.7.mp3,3
4367,https://extractedaudio.s3.eu-west-2.amazonaws.com/2/N_show_2NSMVgqBq3qhmbwgQW1mhK_0KDTcJa0Bl6aDG4BxLTDtE_1494.4.mp3,2.5
4368,https://extractedaudio.s3.eu-west-2.amazonaws.com/2/S_show_2SW5wFOe6TpKLGweTLz1GI_46gGZ0Lbwy353lN13cRh8s_790.8.mp3,3
4369,https://extractedaudio.s3.eu-west-2.amazonaws.com/2/O_show_2ObMaZy4PGpDLb6xgaoyPf_2Vv1pOviK0r6Tx3Pj4k9i6_1288.3.mp3,1
4370,https://extractedaudio.s3.eu-west-2.amazonaws.com/2/I_show_2ioH823V0IIgqjFSx6vZRy_227nzIO2gYNCISvi0ohpjk_1930.3.mp3,4
4371,https://extractedaudio.s3.eu-west-2.amazonaws.com/2/G_show_2gfE7zxYA4hz8Dkm2RUtgm_5TgGCRG8W63gAIFtiQoE2N_665.5.mp3,4
4372,https://extractedaudio.s3.eu-west-2.amazonaws.com/2/5_show_25VLneFYsTATjxMezVpWSC_16PJYTeCS4RR2ZgGYdxB01_380.7.mp3,1
4373,https://extractedaudio.s3.eu-west-2.amazonaws.com/4/Q_show_4QQpY9w3aFcgieOCrlcT31_462ppnBtVAdo3U1xovrr6R_1003.0.mp3,2.5
4374,https://extractedaudio.s3.eu-west-2.amazonaws.com/4/2_show_42qUebRQFg3D677PcuehDH_3fbYUQlEWBG6nMKqN3dL4S_1144.7.mp3,2
4375,https://extractedaudio.s3.eu-west-2.amazonaws.com/4/K_show_4kiSYNiaAylOxAhKGjXxxC_1NizOQgOPmkDNjESeGFdPi_168.0.mp3,3.5
4376,https://extractedaudio.s3.eu-west-2.amazonaws.com/4/2_show_42hydfHhkJNvJv54I6dhGA_2Vctth1kOb9HMQZS4bhdTh_816.7.mp3,3.5
4377,https://extractedaudio.s3.eu-west-2.amazonaws.com/4/4_show_44pI1bcAKbrA2fLZpwJF4X_38Bvag2GtKLPdaZDnqBGQd_3554.8.mp3,3.5
4378,https://extractedaudio.s3.eu-west-2.amazonaws.com/4/Q_show_4qPnBYJhKgvlIlCWD7A8Lb_0G9PQcxvOsfG94yXlveDS2_2188.4.mp3,3
4379,https://extractedaudio.s3.eu-west-2.amazonaws.com/4/3_show_43mTFxSHXF7Xtvjx4TF0Dc_40nPDbyTHqdTajePfa5Bfq_1394.2.mp3,3
4380,https://extractedaudio.s3.eu-west-2.amazonaws.com/4/3_show_43mTFxSHXF7Xtvjx4TF0Dc_40nPDbyTHqdTajePfa5Bfq_1403.5.mp3,3
4381,https://extractedaudio.s3.eu-west-2.amazonaws.com/4/A_show_4ApnX5fc4a14wT5uhMHa76_1tcigLFLalumCxpPnWIdF5_2164.6.mp3,3.5
4382,https://extractedaudio.s3.eu-west-2.amazonaws.com/1/J_show_1jFYnTSP29jx6mzWvysW3Q_0aQVLu7mRi93yBBdFkryTm_158.6.mp3,2
4383,https://extractedaudio.s3.eu-west-2.amazonaws.com/1/A_show_1az90Zo0H3kgPEju5MuzWK_405sK9qb97RWQe0B3yWKsv_1893.1.mp3,1.5
4384,https://extractedaudio.s3.eu-west-2.amazonaws.com/1/9_show_19dN5iZOFse5kqE6NRKCUr_15fXZcUfd0Iq34rMNggnJj_1072.7.mp3,3.5
4385,https://extractedaudio.s3.eu-west-2.amazonaws.com/1/A_show_1az90Zo0H3kgPEju5MuzWK_405sK9qb97RWQe0B3yWKsv_165.4.mp3,3
4386,https://extractedaudio.s3.eu-west-2.amazonaws.com/1/S_show_1sqmO1ufOcnua6QUPUlZTf_4zBfbAwp5srNjmcGFbXocR_2622.7.mp3,1
4387,https://extractedaudio.s3.eu-west-2.amazonaws.com/1/J_show_1jFYnTSP29jx6mzWvysW3Q_4NJdmz1WnMWoDAB8XpWo38_2028.8.mp3,2
4388,https://extractedaudio.s3.eu-west-2.amazonaws.com/1/S_show_1sqmO1ufOcnua6QUPUlZTf_1JTWaIzJcn1ZbWDxegunHS_725.5.mp3,3
4389,https://extractedaudio.s3.eu-west-2.amazonaws.com/1/O_show_1OzbEW7PbLeXJUIqBUKQZa_5NpcDrbg34ANNfHpdbYm4l_2095.7.mp3,3.5
4390,https://extractedaudio.s3.eu-west-2.amazonaws.com/1/J_show_1je6sEPOdtRHbuSz81aIdC_5T7wbAFITGkbPsk4vbtV7p_3630.4.mp3,3
4391,https://extractedaudio.s3.eu-west-2.amazonaws.com/1/R_show_1R5sbnzbc7hCMv9RTFIEWw_6QODJbcrAJa71LKYSp1nFS_2932.9.mp3,2.5
4392,https://extractedaudio.s3.eu-west-2.amazonaws.com/2/W_show_2wJpmySw3FtVe5uvT2kaAR_2QCQrx7BAjf9GLv0wn68Ml_1680.7.mp3,3
4393,https://extractedaudio.s3.eu-west-2.amazonaws.com/2/W_show_2wJpmySw3FtVe5uvT2kaAR_6up5qHrPqKLd434FePWvQR_617.3.mp3,3.5
4394,https://extractedaudio.s3.eu-west-2.amazonaws.com/2/V_show_2Vh5jVI1EdMDeHs3N8XoME_6ICVLmEiDQhhzyaE0Rh4he_1458.4.mp3,3.5
4395,https://extractedaudio.s3.eu-west-2.amazonaws.com/2/V_show_2VRQzKYhCE6rPyFTuMmkrr_38te8qXWTV8QAGjPKsYK3f_2522.9.mp3,2.5
4396,https://extractedaudio.s3.eu-west-2.amazonaws.com/2/M_show_2Mkrfx6HroyJiFjCnSRkOF_4bgSanb2Eo7fgjrKIDirLv_497.0.mp3,3
4397,https://extractedaudio.s3.eu-west-2.amazonaws.com/2/J_show_2JrTqfIIdIA83H7o3aRz2d_1dCvMBsI1lDV5hBatXaFe6_1338.4.mp3,3.5
4398,https://extractedaudio.s3.eu-west-2.amazonaws.com/2/U_show_2uDb9K3DmNMvyBNdj71N9H_6B14qgow41LjtFkprbYjqD_207.1.mp3,3.5
4399,https://extractedaudio.s3.eu-west-2.amazonaws.com/2/A_show_2A4A9dL5FoGbQcVpGsdiLr_4oV8uAo5Txt9qf78wKm4DP_712.7.mp3,2
4400,https://extractedaudio.s3.eu-west-2.amazonaws.com/0/F_show_0FUqB3Ggx2zjJCZ3BcNViz_1EE8Z6zydfKiHOUTFQgwvv_2084.2.mp3,3.5
4401,https://extractedaudio.s3.eu-west-2.amazonaws.com/0/6_show_06DN2th96dYmRtHEQFNKTo_0LCTVexc6GNRwt6BOQGzof_940.6.mp3,3
4402,https://extractedaudio.s3.eu-west-2.amazonaws.com/0/G_show_0gp9WszDmlifYKTHOOc8Sv_0dPY9uo2nS8w9np34G0xwD_2317.7.mp3,2
4403,https://extractedaudio.s3.eu-west-2.amazonaws.com/0/V_show_0Vd8E5vWnCfB4xucu87WNZ_25UKqAx1kVTgDyodz1p5I6_738.5.mp3,2
4404,https://extractedaudio.s3.eu-west-2.amazonaws.com/0/5_show_058nTf22elnQgslKIMseIs_4AEuMtJ8jmTcItQMKFkQdg_1329.6.mp3,3.5
4405,https://extractedaudio.s3.eu-west-2.amazonaws.com/0/5_show_058nTf22elnQgslKIMseIs_4AEuMtJ8jmTcItQMKFkQdg_2788.5.mp3,2
4406,https://extractedaudio.s3.eu-west-2.amazonaws.com/0/I_show_0i4SJwrYjxs3Bd5Yqx4Pbw_5bURuOp4bv17NGq4q9Z8T4_819.4.mp3,4
4407,https://extractedaudio.s3.eu-west-2.amazonaws.com/0/N_show_0nRsOIX29uQYXC6nVWXGuT_1CZnndqOm7UNXxi5k6qP5O_54.0.mp3,3.5
4408,https://extractedaudio.s3.eu-west-2.amazonaws.com/0/F_show_0fNhSmtyzHk4siGWFHgRoZ_7JPC1L3VZQNo0EzC63sEzf_3393.0.mp3,4
4409,https://extractedaudio.s3.eu-west-2.amazonaws.com/0/F_show_0fNhSmtyzHk4siGWFHgRoZ_7JPC1L3VZQNo0EzC63sEzf_2601.3.mp3,3
4410,https://extractedaudio.s3.eu-west-2.amazonaws.com/5/5_show_55GP6pfA0RlmtEgNH70d5K_5eLJrUOaS0DmVb5wq1gnkY_3360.7.mp3,3.5
4411,https://extractedaudio.s3.eu-west-2.amazonaws.com/5/D_show_5dWLlNlMyn93XuNe40X0Dz_4LrK3P0FPQmvG1zOVfeqMV_610.7.mp3,2
4412,https://extractedaudio.s3.eu-west-2.amazonaws.com/5/P_show_5pF8LmnlEWBZyelh3TWQ09_79WrwsGngmjXjS1ZK1GQKR_550.7.mp3,3
4413,https://extractedaudio.s3.eu-west-2.amazonaws.com/5/F_show_5fgBM7upQCA2x0Lz3tWcet_2xBsTv7IxPmcSJ63lTkZeX_659.0.mp3,3.5
4414,https://extractedaudio.s3.eu-west-2.amazonaws.com/5/R_show_5r2wxFxeI03AGxbIOK0r0a_17YdUYkmBRki9PQ7MwnG2c_1189.1.mp3,2.5
4415,https://extractedaudio.s3.eu-west-2.amazonaws.com/5/D_show_5dWLlNlMyn93XuNe40X0Dz_4LrK3P0FPQmvG1zOVfeqMV_920.6.mp3,2
4416,https://extractedaudio.s3.eu-west-2.amazonaws.com/5/F_show_5fgBM7upQCA2x0Lz3tWcet_2xBsTv7IxPmcSJ63lTkZeX_786.5.mp3,2
4417,https://extractedaudio.s3.eu-west-2.amazonaws.com/5/C_show_5CnDmMUG0S5bSSw612fs8C_2hacvaBJxzE3z9mOMhzTIG_1192.2.mp3,2
4418,https://extractedaudio.s3.eu-west-2.amazonaws.com/5/5_show_55vG1j5hNc1R6J0rO4Yh1h_7smhObpSVMWchNkv8kfhSu_1355.3.mp3,3
4419,https://extractedaudio.s3.eu-west-2.amazonaws.com/5/C_show_5CnDmMUG0S5bSSw612fs8C_0WINvZbdBdLiT9k1HInwBc_997.3.mp3,3.5
4420,https://extractedaudio.s3.eu-west-2.amazonaws.com/5/R_show_5r2wxFxeI03AGxbIOK0r0a_0pEuOsao3CooD8hzZnM6TW_2092.2.mp3,3.5
4421,https://extractedaudio.s3.eu-west-2.amazonaws.com/5/C_show_5CnDmMUG0S5bSSw612fs8C_4rrsnfRfpHa1X7J51kru95_1016.9.mp3,3.5
4422,https://extractedaudio.s3.eu-west-2.amazonaws.com/5/U_show_5uQl3CqOtpP1ZbfhMdVUlL_0shMYQ26I0cuFgByTHUeOC_1335.1.mp3,2
4423,https://extractedaudio.s3.eu-west-2.amazonaws.com/5/C_show_5CnDmMUG0S5bSSw612fs8C_6hpC710mLkOpglMVggNaVa_1932.8.mp3,2.5
4424,https://extractedaudio.s3.eu-west-2.amazonaws.com/5/4_show_54lfZ2HhYAXahBDBvfppr2_1r6T9WPF7CARqhuGPgu8Lr_1573.5.mp3,1.5
4425,https://extractedaudio.s3.eu-west-2.amazonaws.com/5/F_show_5fgBM7upQCA2x0Lz3tWcet_2xBsTv7IxPmcSJ63lTkZeX_3111.6.mp3,2
4426,https://extractedaudio.s3.eu-west-2.amazonaws.com/3/N_show_3NA20RWdSNIWlQ3j3j40Gv_5eCe2essqMWyxKQU13Ps5I_3707.0.mp3,2.5
4427,https://extractedaudio.s3.eu-west-2.amazonaws.com/3/N_show_3NA20RWdSNIWlQ3j3j40Gv_6y0Fd8gk7kG5Mq9a2M0dsj_1343.2.mp3,3.5
4428,https://extractedaudio.s3.eu-west-2.amazonaws.com/3/A_show_3AI6Hvd2ps8kH1XEXu8emH_0kvsvd0Ts15FTH8qEWgG7r_2537.4.mp3,2
4429,https://extractedaudio.s3.eu-west-2.amazonaws.com/3/B_show_3bSuYXVQXS7bWp9xv1U8tM_3DI7rKhRhJYhSwlyvHLcnr_3205.8.mp3,3
4430,https://extractedaudio.s3.eu-west-2.amazonaws.com/3/V_show_3vLH2J9JengFSCJxh4lD6e_0i2qGagVvoTQL8fYjXQqbh_1272.2.mp3,2
4431,https://extractedaudio.s3.eu-west-2.amazonaws.com/3/4_show_347DvEBUZTWBkxN5h6i636_0ijeO50x6Gte3QmoUptCnd_293.5.mp3,2
4432,https://extractedaudio.s3.eu-west-2.amazonaws.com/3/H_show_3h2R3XyV2GQFB0uV7bD0mp_2eLtk7xGiskUQ1PInohHQs_1702.4.mp3,4
4433,https://extractedaudio.s3.eu-west-2.amazonaws.com/3/A_show_3AxeWHyeLI4F6ovYjfW7HT_0btcSpHrvzUElsfGrqZFMq_1611.7.mp3,4
4434,https://extractedaudio.s3.eu-west-2.amazonaws.com/3/0_show_30wJEsZNj1gquJyDftm2Kl_0yVNHDspRUCttLdORHqD9I_3256.3.mp3,3.5
4435,https://extractedaudio.s3.eu-west-2.amazonaws.com/3/P_show_3pCF6hcNsAHKlKAillCOuZ_1PFztPdTbDDTc06iRZVTSB_29.8.mp3,4
4436,https://extractedaudio.s3.eu-west-2.amazonaws.com/3/4_show_347DvEBUZTWBkxN5h6i636_0ijeO50x6Gte3QmoUptCnd_772.1.mp3,3.5
4437,https://extractedaudio.s3.eu-west-2.amazonaws.com/3/I_show_3ikFhEuSYkNYS27Rp7aZo0_2dTDwRipwwwwO2Iy1Pu1ra_1115.2.mp3,2
4438,https://extractedaudio.s3.eu-west-2.amazonaws.com/3/Q_show_3qm2dYh1XNLyGrltxfCmRr_3ioDF9TPqPjcmsJevAs750_740.1.mp3,3.5
4439,https://extractedaudio.s3.eu-west-2.amazonaws.com/3/W_show_3WiXth3YP3vxoAKeubd4sv_5Xr0Ke1lKzPJvJNBMgAfsK_4060.2.mp3,4.5
4440,https://extractedaudio.s3.eu-west-2.amazonaws.com/3/T_show_3T2BOxCQFVAq2Q5FMIM3v4_5r2YcUDJ6JEDoFiSz2Yzgk_471.8.mp3,3
4441,https://extractedaudio.s3.eu-west-2.amazonaws.com/1/J_show_1jUyEaMpjfOYjcwPCdEaec_5PbVaiRFzqB3ynxroJkme3_713.2.mp3,3.5
4442,https://extractedaudio.s3.eu-west-2.amazonaws.com/1/H_show_1hwUP0FPYQtOWJvquNwz7I_1vS480ni5vUa6xTLSt2V0t_2822.9.mp3,3
4443,https://extractedaudio.s3.eu-west-2.amazonaws.com/1/S_show_1Sw6MZtNhnsEDYvrJLMgxK_5BMz5r938XLSSz7FEsTagL_256.6.mp3,3.5
4444,https://extractedaudio.s3.eu-west-2.amazonaws.com/1/R_show_1R5sbnzbc7hCMv9RTFIEWw_6QODJbcrAJa71LKYSp1nFS_1741.5.mp3,3
4445,https://extractedaudio.s3.eu-west-2.amazonaws.com/1/5_show_15vCcCrbIjx3RVojU5ScCJ_2GriZYvQFGlEywJXhCo7H7_608.1.mp3,2
4446,https://extractedaudio.s3.eu-west-2.amazonaws.com/1/U_show_1U7ZaHAiJDCa01LB1UMA3B_2kwCz3SHRpmF7t4JJJytwQ_1229.4.mp3,2
4447,https://extractedaudio.s3.eu-west-2.amazonaws.com/1/J_show_1je6sEPOdtRHbuSz81aIdC_0pWZzMvCdkeFst2d5bw6ms_568.0.mp3,2
4448,https://extractedaudio.s3.eu-west-2.amazonaws.com/1/G_show_1GBix6vB2ZvHUvcoQXAPyf_7I5KPIEk4LSkNLye13iv4H_427.4.mp3,4
4449,https://extractedaudio.s3.eu-west-2.amazonaws.com/3/0_show_30wJEsZNj1gquJyDftm2Kl_0yVNHDspRUCttLdORHqD9I_2061.2.mp3,2
4450,https://extractedaudio.s3.eu-west-2.amazonaws.com/3/L_show_3L7Ivmk9hZfbyFSncU10sP_5s9LDFvIx5UvMRu5XvbUa8_579.9.mp3,3
4451,https://extractedaudio.s3.eu-west-2.amazonaws.com/3/K_show_3Ksf9qoUZTsAhO6LiE7DCm_2s9vJdqtWQ1428UqlZKHYl_420.7.mp3,3
4452,https://extractedaudio.s3.eu-west-2.amazonaws.com/3/Q_show_3qm2dYh1XNLyGrltxfCmRr_5q9p8NggsmjfgqxsrBON9r_654.8.mp3,3.5
4453,https://extractedaudio.s3.eu-west-2.amazonaws.com/3/I_show_3iaJh9gelkwoPvRReyzOLQ_4agNpA7HAyET8zZ7GSjBbt_86.1.mp3,3
4454,https://extractedaudio.s3.eu-west-2.amazonaws.com/3/N_show_3NA20RWdSNIWlQ3j3j40Gv_5eCe2essqMWyxKQU13Ps5I_1754.3.mp3,2
4455,https://extractedaudio.s3.eu-west-2.amazonaws.com/3/W_show_3WiXth3YP3vxoAKeubd4sv_3dkDXLo4xBl00puHZbgXDO_185.5.mp3,4.5
4456,https://extractedaudio.s3.eu-west-2.amazonaws.com/3/Q_show_3QSX8bxGWdEyTowkIOIFCB_4fGgA2e3XOPfrXugKZoXGZ_3635.6.mp3,3
4457,https://extractedaudio.s3.eu-west-2.amazonaws.com/3/Q_show_3QSX8bxGWdEyTowkIOIFCB_4fGgA2e3XOPfrXugKZoXGZ_1704.3.mp3,3
4458,https://extractedaudio.s3.eu-west-2.amazonaws.com/3/F_show_3F4mn5IuGUdl3Ei0CoNkac_4ahWJPZAUBzz49GZ7Xm22L_2623.5.mp3,3
4459,https://extractedaudio.s3.eu-west-2.amazonaws.com/4/S_show_4SBtOWGEOmD9pmltgIXO8r_385PrkFiUZd1dtvwlMYE1O_2500.9.mp3,3
4460,https://extractedaudio.s3.eu-west-2.amazonaws.com/4/X_show_4XKvjmFiZLxWZ58vBfT4v9_5796WosmS1t1TsQiVnjaVj_1728.9.mp3,3
4461,https://extractedaudio.s3.eu-west-2.amazonaws.com/4/1_show_41088HlA95rdOlpKK17uBZ_0frvW0YAbqHYPIb5zDiohU_148.5.mp3,2
4462,https://extractedaudio.s3.eu-west-2.amazonaws.com/4/X_show_4xFofN0BxL5WBSukJwsdOF_1xqeFtePJPMmDcCV97MCKV_2744.2.mp3,2
4463,https://extractedaudio.s3.eu-west-2.amazonaws.com/4/C_show_4c2xR0T7dgjpAM5xMd4veL_0tz20mAMh9FScHjaSOUpr6_1602.8.mp3,2.5
4464,https://extractedaudio.s3.eu-west-2.amazonaws.com/4/8_show_484IbiXkUFchBApqfeW35u_4K6813he1RekQpAP9IiuGF_1660.3.mp3,3.5
4465,https://extractedaudio.s3.eu-west-2.amazonaws.com/4/X_show_4xRXwvD8lVWrx30Le8SoYc_3oB28fsesZBV5NBqv1acKC_660.4.mp3,3
4466,https://extractedaudio.s3.eu-west-2.amazonaws.com/1/A_show_1az90Zo0H3kgPEju5MuzWK_405sK9qb97RWQe0B3yWKsv_2432.3.mp3,2
4467,https://extractedaudio.s3.eu-west-2.amazonaws.com/1/S_show_1Sw6MZtNhnsEDYvrJLMgxK_5BMz5r938XLSSz7FEsTagL_2708.5.mp3,2
4468,https://extractedaudio.s3.eu-west-2.amazonaws.com/1/5_show_15vCcCrbIjx3RVojU5ScCJ_2GriZYvQFGlEywJXhCo7H7_4453.1.mp3,3.5
4469,https://extractedaudio.s3.eu-west-2.amazonaws.com/1/7_show_17u4ErphC5QVEJNsMvqvBh_3ynZL5caaRpUY1lhxhPuNU_611.7.mp3,3.5
4470,https://extractedaudio.s3.eu-west-2.amazonaws.com/1/K_show_1kAlMjcwRC55YfFWF8MGi3_0J97RUTRYaz4MDujXQ1Lua_1188.3.mp3,2
4471,https://extractedaudio.s3.eu-west-2.amazonaws.com/1/H_show_1hwUP0FPYQtOWJvquNwz7I_1vS480ni5vUa6xTLSt2V0t_2699.4.mp3,2
4472,https://extractedaudio.s3.eu-west-2.amazonaws.com/1/7_show_17u4ErphC5QVEJNsMvqvBh_3ynZL5caaRpUY1lhxhPuNU_149.7.mp3,3.5
4473,https://extractedaudio.s3.eu-west-2.amazonaws.com/1/A_show_1az90Zo0H3kgPEju5MuzWK_405sK9qb97RWQe0B3yWKsv_3905.2.mp3,3
4474,https://extractedaudio.s3.eu-west-2.amazonaws.com/1/O_show_1OzbEW7PbLeXJUIqBUKQZa_5NpcDrbg34ANNfHpdbYm4l_808.2.mp3,3
4475,https://extractedaudio.s3.eu-west-2.amazonaws.com/1/H_show_1HKgU6WUDMZTnFChe8KT0Q_1ZeT3NecmFOYRRxEEZXcr5_2134.5.mp3,3.5
4476,https://extractedaudio.s3.eu-west-2.amazonaws.com/0/M_show_0M6jfmNPPAlqNtOkYZFyPt_5OKAPBUV4tJRxytQf8rMom_1112.0.mp3,4
4477,https://extractedaudio.s3.eu-west-2.amazonaws.com/0/B_show_0BdHyPOixaq9nqBQisIwe3_1hvRIVemqXJzwegjmgwf8B_2056.9.mp3,3
4478,https://extractedaudio.s3.eu-west-2.amazonaws.com/0/Q_show_0q14aUbVF3rTacMkXccqPT_2LItOGSCqpFQVRV4aAEz7s_2743.4.mp3,4
4479,https://extractedaudio.s3.eu-west-2.amazonaws.com/0/1_show_01HL6rCsPf6iLI4cCLdrUQ_14UORPn61Y1YSQaDkCRyxP_771.8.mp3,3.5
4480,https://extractedaudio.s3.eu-west-2.amazonaws.com/0/I_show_0i4SJwrYjxs3Bd5Yqx4Pbw_5bURuOp4bv17NGq4q9Z8T4_757.0.mp3,3.5
4481,https://extractedaudio.s3.eu-west-2.amazonaws.com/0/I_show_0I22C9iyvVT3M6DEILuD9F_1GUnQIswvL02o1BokKvvoZ_730.1.mp3,4
4482,https://extractedaudio.s3.eu-west-2.amazonaws.com/0/1_show_01HL6rCsPf6iLI4cCLdrUQ_14UORPn61Y1YSQaDkCRyxP_1319.7.mp3,3.5
4483,https://extractedaudio.s3.eu-west-2.amazonaws.com/0/K_show_0KpRrAGb5jh7yoSlxHcRKh_2dLXTq4R6Xjd40oWkQQmRV_260.5.mp3,4
4484,https://extractedaudio.s3.eu-west-2.amazonaws.com/0/Q_show_0QWClW37Xvw2dR0P5bc9KE_79aBYBnKaXbetyvFB3g6IJ_535.7.mp3,4
4485,https://extractedaudio.s3.eu-west-2.amazonaws.com/6/S_show_6SZVsPIxPfVs6aavqM1peY_4BgIrtUsaDvKIZILJSQYkl_299.5.mp3,2
4486,https://extractedaudio.s3.eu-west-2.amazonaws.com/6/S_show_6SZVsPIxPfVs6aavqM1peY_7e8yrTXqwhNk8GnCzdbNFp_879.7.mp3,3.5
4487,https://extractedaudio.s3.eu-west-2.amazonaws.com/6/S_show_6sIAPtX3t1v88xjrJDDoUA_3LmeWiwsF76aX3RZMW0Vi9_159.6.mp3,2
4488,https://extractedaudio.s3.eu-west-2.amazonaws.com/6/K_show_6KsiZDS1BZ7Tid2uJx9RaZ_4h0EJ9Zz8r1Cj6oSt3785K_91.4.mp3,4
4489,https://extractedaudio.s3.eu-west-2.amazonaws.com/6/F_show_6fPsNbi8m8mCIyGZH1YGm1_3Wf0cwdtUdb08XIACroyAE_1292.8.mp3,1.5
4490,https://extractedaudio.s3.eu-west-2.amazonaws.com/6/Q_show_6QHIgp3j0OndAoKY0NXIhT_2LuPzmv6wuIkwqFNenfirq_1287.5.mp3,3
4491,https://extractedaudio.s3.eu-west-2.amazonaws.com/6/K_show_6kUWrVQZwpjC32GMBQBAS1_32dFKjkjh9pAA2SMoE0EqO_303.3.mp3,3.5
4492,https://extractedaudio.s3.eu-west-2.amazonaws.com/6/G_show_6gDJrxI17NmfUMVrceudJF_1mdlJfZSCKggvJfI2YhXVz_2872.3.mp3,2
4493,https://extractedaudio.s3.eu-west-2.amazonaws.com/6/F_show_6fPsNbi8m8mCIyGZH1YGm1_6dCvGpZj87FAL5ccmHInIY_2537.6.mp3,3.5
4494,https://extractedaudio.s3.eu-west-2.amazonaws.com/6/O_show_6o8lC0CcRlIclZsbkEOaRL_7sK7lsxRqJxckYRliQe6lM_350.7.mp3,4
4495,https://extractedaudio.s3.eu-west-2.amazonaws.com/4/1_show_41088HlA95rdOlpKK17uBZ_0frvW0YAbqHYPIb5zDiohU_42.7.mp3,4
4496,https://extractedaudio.s3.eu-west-2.amazonaws.com/4/K_show_4kiSYNiaAylOxAhKGjXxxC_1NizOQgOPmkDNjESeGFdPi_1371.7.mp3,3.5
4497,https://extractedaudio.s3.eu-west-2.amazonaws.com/4/I_show_4iax1kbINZW0YbQmoNwysd_2wJfsWhQa007Tii0DR7sD0_3311.0.mp3,4
4498,https://extractedaudio.s3.eu-west-2.amazonaws.com/4/E_show_4ETrBShPQeSIK9aKcOuvPY_19aGN3y5DN3xkqC9e8g2ZP_2365.8.mp3,2
4499,https://extractedaudio.s3.eu-west-2.amazonaws.com/4/S_show_4Spb6nPpo0CE4oUn59hAmh_4aGo0xAde6rkWSvttzLMEN_2551.0.mp3,3.5
4500,https://extractedaudio.s3.eu-west-2.amazonaws.com/4/A_show_4ApnX5fc4a14wT5uhMHa76_1tcigLFLalumCxpPnWIdF5_1963.6.mp3,3
4501,https://extractedaudio.s3.eu-west-2.amazonaws.com/4/X_show_4XYNO594NsbmuqGmSqxbII_3qkJomJZZa9GaCHTksDzOz_2800.4.mp3,3
4502,https://extractedaudio.s3.eu-west-2.amazonaws.com/4/8_show_484IbiXkUFchBApqfeW35u_2BdVc9vrNUyJf9IuECV4IR_613.9.mp3,4
4503,https://extractedaudio.s3.eu-west-2.amazonaws.com/4/Q_show_4qPnBYJhKgvlIlCWD7A8Lb_0G9PQcxvOsfG94yXlveDS2_467.7.mp3,2.5
4504,https://extractedaudio.s3.eu-west-2.amazonaws.com/6/6_show_66ZRcVrJNxQsc6fvnksGVr_17PHWDKsfcUv3rLltms41w_2970.5.mp3,2
4505,https://extractedaudio.s3.eu-west-2.amazonaws.com/6/P_show_6P1lNBJbtXVkT8J4m9kAD0_4e8CmO9FV9ORdvKxbo5Mw1_1352.1.mp3,4
4506,https://extractedaudio.s3.eu-west-2.amazonaws.com/6/D_show_6dkLAmTzRhNFEId8saMmjT_0v470Mk5GiloUX2R9RYHd2_1160.1.mp3,3.5
4507,https://extractedaudio.s3.eu-west-2.amazonaws.com/6/S_show_6SZVsPIxPfVs6aavqM1peY_7AmB2Q77JSBc1HrNUcZBjX_3906.6.mp3,2
4508,https://extractedaudio.s3.eu-west-2.amazonaws.com/6/0_show_60R5LY7sho441eisyQeEz8_4lPYgefgQpYgFMJssqLk8Z_591.9.mp3,3
4509,https://extractedaudio.s3.eu-west-2.amazonaws.com/6/G_show_6gDJrxI17NmfUMVrceudJF_1mdlJfZSCKggvJfI2YhXVz_239.5.mp3,3.5
4510,https://extractedaudio.s3.eu-west-2.amazonaws.com/6/U_show_6UtpK2v8AJGmCfLEFlE0Zd_6whMOWVclxYeGirVL3R4gB_2339.8.mp3,4
4511,https://extractedaudio.s3.eu-west-2.amazonaws.com/6/K_show_6KsiZDS1BZ7Tid2uJx9RaZ_4h0EJ9Zz8r1Cj6oSt3785K_1664.8.mp3,4
4512,https://extractedaudio.s3.eu-west-2.amazonaws.com/6/U_show_6uRYvpYOClIRs6o80FRFRN_1sPvlTx0B8ZVuHdvIPdp5u_749.5.mp3,3.5
4513,https://extractedaudio.s3.eu-west-2.amazonaws.com/6/E_show_6epeRhY6jFLsUbQ4sAFO8y_3Q4sLj9DdlrquOQqpK3zi9_2463.4.mp3,2.5
4514,https://extractedaudio.s3.eu-west-2.amazonaws.com/1/H_show_1HKgU6WUDMZTnFChe8KT0Q_1ZeT3NecmFOYRRxEEZXcr5_1571.2.mp3,3
4515,https://extractedaudio.s3.eu-west-2.amazonaws.com/1/H_show_1hwUP0FPYQtOWJvquNwz7I_3oJlvjsCRsR0XYDTnUvJzs_2791.0.mp3,3.5
4516,https://extractedaudio.s3.eu-west-2.amazonaws.com/1/6_show_164dztB5SKhJ6rrguHKYGK_6x5AQ9oMZQVMxXpJh6aeHd_2445.9.mp3,3
4517,https://extractedaudio.s3.eu-west-2.amazonaws.com/1/S_show_1sqmO1ufOcnua6QUPUlZTf_4zBfbAwp5srNjmcGFbXocR_1091.1.mp3,3.5
4518,https://extractedaudio.s3.eu-west-2.amazonaws.com/1/S_show_1sqmO1ufOcnua6QUPUlZTf_1JTWaIzJcn1ZbWDxegunHS_739.5.mp3,4
4519,https://extractedaudio.s3.eu-west-2.amazonaws.com/1/5_show_15vCcCrbIjx3RVojU5ScCJ_2GriZYvQFGlEywJXhCo7H7_744.7.mp3,2
4520,https://extractedaudio.s3.eu-west-2.amazonaws.com/1/9_show_1962WYPEmmw0iAAbs6pIHT_7MF0dA12viHAhYExEqkNMU_113.5.mp3,1.5
4521,https://extractedaudio.s3.eu-west-2.amazonaws.com/1/K_show_1K2Fzlro0Lmp9pGS7Ak00D_3AZzH0F7HWvpNMknB9Ijve_466.6.mp3,2
4522,https://extractedaudio.s3.eu-west-2.amazonaws.com/1/L_show_1lg3oq7VsJtaUdUjU1a0fF_7DGb3dTcW6mG7PQHc6KDCG_1910.4.mp3,3.5
4523,https://extractedaudio.s3.eu-west-2.amazonaws.com/1/E_show_1eFmReBvBxxbjtU6UKMlvt_1p0VXQOqKjlIyJG6vhMruV_1159.8.mp3,3.5
4524,https://extractedaudio.s3.eu-west-2.amazonaws.com/6/1_show_61A99G8m9zAQ4evKkiyEvL_10wEWQ73OsptmwW8iVbXlT_274.5.mp3,3
4525,https://extractedaudio.s3.eu-west-2.amazonaws.com/6/5_show_65tFpuBodBJAokryEYlhF3_7io9RZyprEW2NOqtxJ0vj9_395.9.mp3,2
4526,https://extractedaudio.s3.eu-west-2.amazonaws.com/6/4_show_64cKQJzXoz5aNUxoY7dct8_5NcYoGtbuaGUrIrON5IXrT_1562.7.mp3,3.5
4527,https://extractedaudio.s3.eu-west-2.amazonaws.com/6/Q_show_6QHIgp3j0OndAoKY0NXIhT_2LuPzmv6wuIkwqFNenfirq_39.4.mp3,2
4528,https://extractedaudio.s3.eu-west-2.amazonaws.com/6/Q_show_6qFldupRFzUcHFyuJwojrI_4fzws6OZZttwW2iEWadDch_256.1.mp3,2.5
4529,https://extractedaudio.s3.eu-west-2.amazonaws.com/6/F_show_6fPsNbi8m8mCIyGZH1YGm1_3Wf0cwdtUdb08XIACroyAE_3402.5.mp3,3
4530,https://extractedaudio.s3.eu-west-2.amazonaws.com/6/S_show_6sY90mdRx78qRAQKV8xEJe_4yxklELWyRTf6N50bTvsrW_249.2.mp3,3
4531,https://extractedaudio.s3.eu-west-2.amazonaws.com/6/C_show_6CGopQgOsDOACpIWvD9Knx_2Cwyp4eRGGB6TjGg345yv6_1730.5.mp3,3.5
4532,https://extractedaudio.s3.eu-west-2.amazonaws.com/6/9_show_697yqntx4P1pqeVsK3qm2K_7DOfhtOOV01euzNS6Jk9P0_1752.4.mp3,3.5
4533,https://extractedaudio.s3.eu-west-2.amazonaws.com/6/M_show_6MhiiWr66guACtbT36XRf2_2Q3nE9Uri5cybI4pnvaDPa_794.0.mp3,3.5
4534,https://extractedaudio.s3.eu-west-2.amazonaws.com/6/S_show_6SZVsPIxPfVs6aavqM1peY_23IJOCsDaVLdOqe1t2w7w2_730.2.mp3,4
4535,https://extractedaudio.s3.eu-west-2.amazonaws.com/6/T_show_6totkMUgQGFhyyAIGHk2vx_64W4jh8NlcO0JymL7yLZhx_329.8.mp3,3
4536,https://extractedaudio.s3.eu-west-2.amazonaws.com/6/Q_show_6qFldupRFzUcHFyuJwojrI_4fzws6OZZttwW2iEWadDch_356.4.mp3,2.5
4537,https://extractedaudio.s3.eu-west-2.amazonaws.com/6/P_show_6P1lNBJbtXVkT8J4m9kAD0_2RHWLHZkteboxFQBgqWOvA_731.5.mp3,4
4538,https://extractedaudio.s3.eu-west-2.amazonaws.com/6/P_show_6P1lNBJbtXVkT8J4m9kAD0_2RHWLHZkteboxFQBgqWOvA_2560.3.mp3,3.5
4539,https://extractedaudio.s3.eu-west-2.amazonaws.com/6/6_show_66ZRcVrJNxQsc6fvnksGVr_17PHWDKsfcUv3rLltms41w_655.2.mp3,3.5
4540,https://extractedaudio.s3.eu-west-2.amazonaws.com/6/M_show_6MhiiWr66guACtbT36XRf2_2Q3nE9Uri5cybI4pnvaDPa_2125.9.mp3,2
4541,https://extractedaudio.s3.eu-west-2.amazonaws.com/6/W_show_6W3I4kReWdoDjIWuO7wEj9_4Ova37bZUWDvVflE96QZW7_1362.7.mp3,2.5
